Invoice,StockCode,Description,Quantity,Price,Customer ID,Country,InvoiceDate
517116,21621,VINTAGE UNION JACK BUNTING,8,8.5,18172.0,United Kingdom,2026-01-03
517116,22655,VINTAGE RED KITCHEN CABINET,1,295.0,18172.0,United Kingdom,2026-01-03
517116,22187,GREEN CHRISTMAS TREE CARD HOLDER,12,4.25,18172.0,United Kingdom,2026-01-03
517116,22687,DOORMAT CHRISTMAS VILLAGE,8,7.49,18172.0,United Kingdom,2026-01-03
517116,48194,DOORMAT HEARTS,6,7.49,18172.0,United Kingdom,2026-01-03
517116,20685,DOORMAT RED SPOT,6,7.49,18172.0,United Kingdom,2026-01-03
517116,21523,DOORMAT FANCY FONT HOME SWEET HOME,4,7.49,18172.0,United Kingdom,2026-01-03
517116,22691,DOORMAT WELCOME SUNRISE,4,7.49,18172.0,United Kingdom,2026-01-03
517116,22653,BUTTON BOX ,24,1.95,18172.0,United Kingdom,2026-01-03
517116,22652,TRAVEL SEWING KIT,24,1.65,18172.0,United Kingdom,2026-01-03
517116,85123A,WHITE HANGING HEART T-LIGHT HOLDER,32,2.55,18172.0,United Kingdom,2026-01-03
517116,21733,RED HANGING HEART T-LIGHT HOLDER,32,2.55,18172.0,United Kingdom,2026-01-03
517116,21833,CAMOUFLAGE LED TORCH,12,1.69,18172.0,United Kingdom,2026-01-03
517116,21491,SET OF THREE VINTAGE GIFT WRAPS,24,1.95,18172.0,United Kingdom,2026-01-03
517116,84879,ASSORTED COLOUR BIRD ORNAMENT,48,1.69,18172.0,United Kingdom,2026-01-03
517117,21217,RED SPOTTY ROUND CAKE TINS,1,9.95,13491.0,United Kingdom,2026-01-03
517117,84849D,HOT BATHS SOAP HOLDER,12,1.69,13491.0,United Kingdom,2026-01-03
517117,22242,"HOOK, 5 HANGER , MAGIC TOADSTOOL",12,1.65,13491.0,United Kingdom,2026-01-03
517117,21411,GINGHAM HEART  DOORSTOP RED,3,4.25,13491.0,United Kingdom,2026-01-03
517117,20750,RED/WHITE DOT MINI CASES,2,7.95,13491.0,United Kingdom,2026-01-03
517118,22636,CHILDS BREAKFAST SET CIRCUS PARADE,2,8.5,17442.0,United Kingdom,2026-01-03
517118,22634,CHILDS BREAKFAST SET SPACEBOY ,2,9.95,17442.0,United Kingdom,2026-01-03
517119,84467,ENGLISH ROSE DESIGN QUILTED THROW,1,10.0,,United Kingdom,2026-01-03
517120,22468,BABUSHKA LIGHTS STRING OF 10,6,6.75,15142.0,United Kingdom,2026-01-03
517120,85048,15CM CHRISTMAS GLASS BALL 20 LIGHTS,2,7.95,15142.0,United Kingdom,2026-01-03
517120,22186,RED STAR CARD HOLDER,6,2.95,15142.0,United Kingdom,2026-01-03
517120,22592,CARDHOLDER HOLLY WREATH METAL,8,3.75,15142.0,United Kingdom,2026-01-03
517120,22589,CARDHOLDER GINGHAM STAR,6,2.55,15142.0,United Kingdom,2026-01-03
517120,22588,CARD HOLDER GINGHAM HEART,6,2.55,15142.0,United Kingdom,2026-01-03
517120,21804,WHITE CHRISTMAS GARLAND STARS TREES,6,3.75,15142.0,United Kingdom,2026-01-03
517120,21806,WHITE CHRISTMAS HEART DECORATION,36,0.42,15142.0,United Kingdom,2026-01-03
517120,21807,WHITE CHRISTMAS STAR DECORATION,36,0.42,15142.0,United Kingdom,2026-01-03
517120,21805,WHITE CHRISTMAS TREE DECORATION ,36,0.42,15142.0,United Kingdom,2026-01-03
517120,22581,WOOD STOCKING CHRISTMAS SCANDISPOT,12,0.85,15142.0,United Kingdom,2026-01-03
517120,22578,WOODEN STAR CHRISTMAS SCANDINAVIAN,12,0.85,15142.0,United Kingdom,2026-01-03
517120,22577,WOODEN HEART CHRISTMAS SCANDINAVIAN,12,0.85,15142.0,United Kingdom,2026-01-03
517120,22595,CHRISTMAS GINGHAM HEART,12,0.85,15142.0,United Kingdom,2026-01-03
517120,22594,CHRISTMAS GINGHAM TREE,12,0.85,15142.0,United Kingdom,2026-01-03
517120,22600,CHRISTMAS RETROSPOT STAR WOOD,12,0.85,15142.0,United Kingdom,2026-01-03
517120,22602,CHRISTMAS RETROSPOT HEART WOOD,12,0.85,15142.0,United Kingdom,2026-01-03
517120,22603,CHRISTMAS RETROSPOT TREE WOOD,12,0.85,15142.0,United Kingdom,2026-01-03
517120,85049A,TRADITIONAL CHRISTMAS RIBBONS,24,1.25,15142.0,United Kingdom,2026-01-03
517120,22086,PAPER CHAIN KIT 50'S CHRISTMAS ,18,2.95,15142.0,United Kingdom,2026-01-03
517120,35970,ZINC FOLKART SLEIGH BELLS,12,1.69,15142.0,United Kingdom,2026-01-03
517120,85199S,SMALL HANGING IVORY/RED WOOD BIRD,24,0.42,15142.0,United Kingdom,2026-01-03
517120,85199L,LARGE HANGING IVORY & RED WOOD BIRD,12,0.65,15142.0,United Kingdom,2026-01-03
517120,22130,PARTY CONE CHRISTMAS DECORATION ,24,0.85,15142.0,United Kingdom,2026-01-03
517120,22593,CHRISTMAS GINGHAM STAR,12,0.85,15142.0,United Kingdom,2026-01-03
517121,22112,CHOCOLATE HOT WATER BOTTLE,24,4.25,15129.0,United Kingdom,2026-01-03
517121,21232,STRAWBERRY CERAMIC TRINKET BOX,36,1.25,15129.0,United Kingdom,2026-01-03
517121,21231,SWEETHEART CERAMIC TRINKET BOX,36,1.25,15129.0,United Kingdom,2026-01-03
517121,22360,GLASS JAR ENGLISH CONFECTIONERY,6,2.95,15129.0,United Kingdom,2026-01-03
517121,21790,VINTAGE SNAP CARDS,12,0.85,15129.0,United Kingdom,2026-01-03
517121,21742,LARGE ROUND WICKER PLATTER ,2,5.95,15129.0,United Kingdom,2026-01-03
517122,85099F,JUMBO BAG STRAWBERRY,100,1.65,13162.0,United Kingdom,2026-01-03
517122,85099C,JUMBO  BAG BAROQUE BLACK WHITE,100,1.65,13162.0,United Kingdom,2026-01-03
517123,35004B,SET OF 3 BLACK FLYING DUCKS,24,4.65,18229.0,United Kingdom,2026-01-03
517123,35004C,SET OF 3 COLOURED  FLYING DUCKS,48,4.65,18229.0,United Kingdom,2026-01-03
517124,22030,SWALLOWS GREETING CARD,12,0.42,12801.0,Sweden,2026-01-03
517124,22318,FIVE HEART HANGING DECORATION,6,2.95,12801.0,Sweden,2026-01-03
517124,22179,SET 10 LIGHTS NIGHT OWL,2,6.75,12801.0,Sweden,2026-01-03
517124,22554,PLASTERS IN TIN WOODLAND ANIMALS,12,1.65,12801.0,Sweden,2026-01-03
517124,22556,PLASTERS IN TIN CIRCUS PARADE ,12,1.65,12801.0,Sweden,2026-01-03
517124,22493,PAINT YOUR OWN CANVAS SET,12,1.65,12801.0,Sweden,2026-01-03
517124,22617,BAKING SET SPACEBOY DESIGN,3,4.95,12801.0,Sweden,2026-01-03
517124,22138,BAKING SET 9 PIECE RETROSPOT ,3,4.95,12801.0,Sweden,2026-01-03
517124,20703,BLUE PADDED SOFT MOBILE,6,4.25,12801.0,Sweden,2026-01-03
517124,22492,MINI PAINT SET VINTAGE ,36,0.65,12801.0,Sweden,2026-01-03
517124,22555,PLASTERS IN TIN STRONGMAN,12,1.65,12801.0,Sweden,2026-01-03
517124,20702,PINK PADDED MOBILE,3,4.25,12801.0,Sweden,2026-01-03
517124,21381,MINI WOODEN HAPPY BIRTHDAY GARLAND,12,1.69,12801.0,Sweden,2026-01-03
517124,22242,"HOOK, 5 HANGER , MAGIC TOADSTOOL",12,1.65,12801.0,Sweden,2026-01-03
517124,22433,WATERING CAN GREEN DINOSAUR,6,1.95,12801.0,Sweden,2026-01-03
517124,21251,DINOSAUR HEIGHT CHART STICKER SET,6,2.95,12801.0,Sweden,2026-01-03
517124,21579,LOLITA  DESIGN  COTTON TOTE BAG,6,2.25,12801.0,Sweden,2026-01-03
517124,21578,WOODLAND DESIGN  COTTON TOTE BAG,6,2.25,12801.0,Sweden,2026-01-03
517124,22090,PAPER BUNTING RETRO SPOTS,6,2.95,12801.0,Sweden,2026-01-03
517124,82484,WOOD BLACK BOARD ANT WHITE FINISH,3,6.45,12801.0,Sweden,2026-01-03
517124,79000,MOROCCAN TEA GLASS,12,0.85,12801.0,Sweden,2026-01-03
517124,21028,NINJA RABBIT BLACK,10,1.25,12801.0,Sweden,2026-01-03
517124,POST,POSTAGE,5,40.0,12801.0,Sweden,2026-01-03
517124,47591D,PINK FAIRY CAKE CHILD'S APRON,8,1.95,12801.0,Sweden,2026-01-03
517124,21432,SET OF 3 CASES WOODLAND DESIGN,4,5.95,12801.0,Sweden,2026-01-03
517124,22273,FELTCRAFT DOLL MOLLY,6,2.95,12801.0,Sweden,2026-01-03
517124,22565,FELTCRAFT HAIRBANDS PINK AND WHITE ,12,0.85,12801.0,Sweden,2026-01-03
517124,21638,ASSORTED TUTTI FRUTTI NOTEBOOK,12,2.1,12801.0,Sweden,2026-01-03
517124,21731,RED TOADSTOOL LED NIGHT LIGHT,12,1.65,12801.0,Sweden,2026-01-03
517124,21918,SET 12 KIDS COLOUR  CHALK STICKS,24,0.42,12801.0,Sweden,2026-01-03
517124,85098B,BLUE FLYING SINGING CANARY,4,3.75,12801.0,Sweden,2026-01-03
517124,22439,6 ROCKET BALLOONS ,24,0.65,12801.0,Sweden,2026-01-03
517124,22139,RETRO SPOT TEA SET CERAMIC 11 PC ,3,4.95,12801.0,Sweden,2026-01-03
517124,21888,BINGO SET,4,3.75,12801.0,Sweden,2026-01-03
517124,21892,TRADITIONAL WOODEN CATCH CUP GAME ,12,1.25,12801.0,Sweden,2026-01-03
517124,21912,VINTAGE SNAKES & LADDERS,4,3.75,12801.0,Sweden,2026-01-03
517124,22605,WOODEN CROQUET GARDEN SET,1,12.75,12801.0,Sweden,2026-01-03
517124,22485,SET OF 2 WOODEN MARKET CRATES,2,12.75,12801.0,Sweden,2026-01-03
517124,22560,TRADITIONAL MODELLING CLAY,24,1.25,12801.0,Sweden,2026-01-03
517124,22326,ROUND SNACK BOXES SET OF4 WOODLAND ,6,2.95,12801.0,Sweden,2026-01-03
517124,22627,MINT KITCHEN SCALES,2,8.5,12801.0,Sweden,2026-01-03
517124,21976,PACK OF 60 MUSHROOM CAKE CASES,24,0.55,12801.0,Sweden,2026-01-03
517124,22374,AIRLINE BAG VINTAGE JET SET RED,2,6.35,12801.0,Sweden,2026-01-03
517124,22372,AIRLINE BAG VINTAGE WORLD CHAMPION ,2,6.35,12801.0,Sweden,2026-01-03
517124,21981,PACK OF 12 WOODLAND TISSUES ,48,0.29,12801.0,Sweden,2026-01-03
517124,22561,WOODEN SCHOOL COLOURING SET,12,1.65,12801.0,Sweden,2026-01-03
517124,84078A,SET/4 WHITE RETRO STORAGE CUBES ,2,39.95,12801.0,Sweden,2026-01-03
517124,20981,12 PENCILS TALL TUBE WOODLAND,12,0.85,12801.0,Sweden,2026-01-03
517124,20982,12 PENCILS TALL TUBE SKULLS,12,0.85,12801.0,Sweden,2026-01-03
517124,22418,10 COLOUR SPACEBOY PEN,24,0.85,12801.0,Sweden,2026-01-03
517125,22346,PARTY PIZZA DISH GREEN RETROSPOT,12,0.85,13466.0,United Kingdom,2026-01-03
517125,22343,PARTY PIZZA DISH RED RETROSPOT,12,0.85,13466.0,United Kingdom,2026-01-03
517125,22621,TRADITIONAL KNITTING NANCY,12,1.45,13466.0,United Kingdom,2026-01-03
517125,20677,PINK SPOTTY BOWL,8,1.25,13466.0,United Kingdom,2026-01-03
517125,22345,PARTY PIZZA DISH BLUE RETROSPOT,12,0.85,13466.0,United Kingdom,2026-01-03
517125,21243,PINK  SPOTTY PLATE ,8,1.69,13466.0,United Kingdom,2026-01-03
517125,21385,IVORY HANGING DECORATION  HEART,24,0.85,13466.0,United Kingdom,2026-01-03
517125,22348,TEA BAG PLATE RED SPOTTY ,12,0.85,13466.0,United Kingdom,2026-01-03
517125,85123A,WHITE HANGING HEART T-LIGHT HOLDER,12,2.95,13466.0,United Kingdom,2026-01-03
517125,84884A,ANT WHITE WIRE HEART SPIRAL,10,3.95,13466.0,United Kingdom,2026-01-03
517125,22301,COFFEE MUG CAT + BIRD DESIGN,18,2.55,13466.0,United Kingdom,2026-01-03
517125,21242,RED SPOTTY PLATE ,8,1.69,13466.0,United Kingdom,2026-01-03
517126,22612,TEA COSY VINTAGE UNION JACK,4,3.75,13466.0,United Kingdom,2026-01-03
517126,21925,UNION STRIPE CUSHION COVER ,12,1.25,13466.0,United Kingdom,2026-01-03
517127,22654,DELUXE SEWING KIT ,6,5.95,14735.0,United Kingdom,2026-01-03
517127,22653,BUTTON BOX ,12,1.95,14735.0,United Kingdom,2026-01-03
517127,71459,HANGING JAM JAR T-LIGHT HOLDER,24,0.85,14735.0,United Kingdom,2026-01-03
517129,84879,ASSORTED COLOUR BIRD ORNAMENT,56,1.69,13855.0,United Kingdom,2026-01-03
517129,22149,FELTCRAFT 6 FLOWER FRIENDS,6,2.1,13855.0,United Kingdom,2026-01-03
517128,85099F,JUMBO BAG STRAWBERRY,10,1.95,14384.0,United Kingdom,2026-01-03
517128,22386,JUMBO BAG PINK WITH WHITE SPOTS,10,1.95,14384.0,United Kingdom,2026-01-03
517128,21929,JUMBO BAG PINK VINTAGE PAISLEY,10,1.95,14384.0,United Kingdom,2026-01-03
517130,20914,SET/5 RED SPOTTY LID GLASS BOWLS,3,2.95,16059.0,United Kingdom,2026-01-03
517130,22488,NATURAL SLATE RECTANGLE CHALKBOARD,3,1.65,16059.0,United Kingdom,2026-01-03
517130,22457,NATURAL SLATE HEART CHALKBOARD ,3,2.95,16059.0,United Kingdom,2026-01-03
517130,22456,NATURAL SLATE CHALKBOARD LARGE ,2,4.95,16059.0,United Kingdom,2026-01-03
517130,21533,RETRO SPOT LARGE MILK JUG,2,4.95,16059.0,United Kingdom,2026-01-03
517130,21537,RED RETROSPOT PUDDING BOWL,3,4.25,16059.0,United Kingdom,2026-01-03
517130,21539,RED RETROSPOT BUTTER DISH,1,4.95,16059.0,United Kingdom,2026-01-03
517130,71459,HANGING JAM JAR T-LIGHT HOLDER,12,0.85,16059.0,United Kingdom,2026-01-03
517130,22073,RED RETROSPOT STORAGE JAR,1,3.75,16059.0,United Kingdom,2026-01-03
517130,21535,RED RETROSPOT SMALL MILK JUG,2,2.55,16059.0,United Kingdom,2026-01-03
517130,21531,RED RETROSPOT SUGAR JAM BOWL,2,2.55,16059.0,United Kingdom,2026-01-03
517130,22441,GROW YOUR OWN BASIL IN ENAMEL MUG,2,2.1,16059.0,United Kingdom,2026-01-03
517130,22470,HEART OF WICKER LARGE,5,2.95,16059.0,United Kingdom,2026-01-03
517130,22469,HEART OF WICKER SMALL,10,1.65,16059.0,United Kingdom,2026-01-03
517130,22188,BLACK HEART CARD HOLDER,2,3.95,16059.0,United Kingdom,2026-01-03
517130,84832,ZINC WILLIE WINKIE  CANDLE STICK,10,0.85,16059.0,United Kingdom,2026-01-03
517130,21114,LAVENDER SCENTED FABRIC HEART,4,1.25,16059.0,United Kingdom,2026-01-03
517130,71477,COLOUR GLASS. STAR T-LIGHT HOLDER,4,3.25,16059.0,United Kingdom,2026-01-03
517130,17091J,VANILLA INCENSE IN TIN,3,1.25,16059.0,United Kingdom,2026-01-03
517130,17091A,LAVENDER INCENSE IN TIN,3,1.25,16059.0,United Kingdom,2026-01-03
517130,17091B,JASMINE TEA INCENSE IN TIN,3,1.25,16059.0,United Kingdom,2026-01-03
517130,84773,RED ROSE AND LACE C/COVER,2,2.95,16059.0,United Kingdom,2026-01-03
517130,85123A,WHITE HANGING HEART T-LIGHT HOLDER,3,2.95,16059.0,United Kingdom,2026-01-03
517131,21833,CAMOUFLAGE LED TORCH,1,1.69,,United Kingdom,2026-01-03
517131,21830,ASSORTED CREEPY CRAWLIES,24,0.42,,United Kingdom,2026-01-03
517132,84670,JAPANESE CROCHETED ANIMAL,24,0.42,13115.0,United Kingdom,2026-01-03
517132,22083,PAPER CHAIN KIT RETRO SPOT,6,2.95,13115.0,United Kingdom,2026-01-03
517132,22085,PAPER CHAIN KIT SKULLS ,6,2.95,13115.0,United Kingdom,2026-01-03
517132,22090,PAPER BUNTING RETRO SPOTS,6,2.95,13115.0,United Kingdom,2026-01-03
517132,22382,LUNCH BAG SPACEBOY DESIGN ,10,1.65,13115.0,United Kingdom,2026-01-03
517132,20969,RED FLORAL FELTCRAFT SHOULDER BAG,4,3.75,13115.0,United Kingdom,2026-01-03
517132,22383,LUNCH BAG SUKI  DESIGN ,10,1.65,13115.0,United Kingdom,2026-01-03
517132,22149,FELTCRAFT 6 FLOWER FRIENDS,12,2.1,13115.0,United Kingdom,2026-01-03
517132,20971,PINK BLUE FELT CRAFT TRINKET BOX,12,1.25,13115.0,United Kingdom,2026-01-03
517132,20972,PINK CREAM FELT CRAFT TRINKET BOX ,12,1.25,13115.0,United Kingdom,2026-01-03
517132,22569,FELTCRAFT CUSHION BUTTERFLY,4,3.75,13115.0,United Kingdom,2026-01-03
517132,22568,FELTCRAFT CUSHION OWL,4,3.75,13115.0,United Kingdom,2026-01-03
517132,20967,GREY FLORAL FELTCRAFT SHOULDER BAG,4,3.75,13115.0,United Kingdom,2026-01-03
517132,22374,AIRLINE BAG VINTAGE JET SET RED,2,6.35,13115.0,United Kingdom,2026-01-03
517132,22570,FELTCRAFT CUSHION RABBIT,4,3.75,13115.0,United Kingdom,2026-01-03
517132,22492,MINI PAINT SET VINTAGE ,36,0.65,13115.0,United Kingdom,2026-01-03
517132,22384,LUNCH BAG PINK RETROSPOT,10,1.65,13115.0,United Kingdom,2026-01-03
517132,20682,RED SPOTTY CHILDS UMBRELLA,6,3.25,13115.0,United Kingdom,2026-01-03
517132,16161P,WRAP ENGLISH ROSE ,25,0.42,13115.0,United Kingdom,2026-01-03
517132,21431,GREEN GINGHAM FLOWER JEWELLERY BOX,8,1.65,13115.0,United Kingdom,2026-01-03
517132,21429,RED GINGHAM ROSE JEWELLERY BOX,8,1.65,13115.0,United Kingdom,2026-01-03
517132,20725,LUNCH BAG RED SPOTTY,10,1.65,13115.0,United Kingdom,2026-01-03
517132,20681,PINK SPOTTY CHILDS UMBRELLA,6,3.25,13115.0,United Kingdom,2026-01-03
517132,21612,SET 12 WILDFLOWER BOTANICAL T-LIGHT,6,2.95,13115.0,United Kingdom,2026-01-03
517132,22139,RETRO SPOT TEA SET CERAMIC 11 PC ,3,4.95,13115.0,United Kingdom,2026-01-03
517132,22432,WATERING CAN PINK BUNNY,6,1.95,13115.0,United Kingdom,2026-01-03
517132,22433,WATERING CAN GREEN DINOSAUR,6,1.95,13115.0,United Kingdom,2026-01-03
517132,22431,WATERING CAN BLUE ELEPHANT,6,1.95,13115.0,United Kingdom,2026-01-03
517132,20702,PINK PADDED MOBILE,3,4.25,13115.0,United Kingdom,2026-01-03
517132,21610,SET 12 PEAR BOTANICAL T-LIGHTS,6,2.95,13115.0,United Kingdom,2026-01-03
517133,21671,RED SPOT CERAMIC DRAWER KNOB,12,1.25,15039.0,United Kingdom,2026-01-03
517133,21239,PINK  SPOTTY CUP,8,0.85,15039.0,United Kingdom,2026-01-03
517133,20676,RED SPOTTY BOWL,8,1.25,15039.0,United Kingdom,2026-01-03
517133,21535,RED RETROSPOT SMALL MILK JUG,4,2.55,15039.0,United Kingdom,2026-01-03
517133,21673,WHITE SPOT BLUE CERAMIC DRAWER KNOB,6,1.25,15039.0,United Kingdom,2026-01-03
517133,21672,WHITE SPOT RED CERAMIC DRAWER KNOB,12,1.25,15039.0,United Kingdom,2026-01-03
517133,21668,RED STRIPE CERAMIC DRAWER KNOB,6,1.25,15039.0,United Kingdom,2026-01-03
517133,21670,BLUE SPOT CERAMIC DRAWER KNOB,6,1.25,15039.0,United Kingdom,2026-01-03
517133,21669,BLUE STRIPE CERAMIC DRAWER KNOB,6,1.25,15039.0,United Kingdom,2026-01-03
517133,22089,PAPER BUNTING VINTAGE PAISLEY,2,2.95,15039.0,United Kingdom,2026-01-03
517133,21231,SWEETHEART CERAMIC TRINKET BOX,2,1.25,15039.0,United Kingdom,2026-01-03
517133,22366,DOORMAT AIRMAIL ,1,7.49,15039.0,United Kingdom,2026-01-03
517133,48173C,DOORMAT BLACK FLOCK ,2,7.49,15039.0,United Kingdom,2026-01-03
517133,22354,RETROSPOT PADDED SEAT CUSHION,6,3.75,15039.0,United Kingdom,2026-01-03
517133,22424,ENAMEL BREAD BIN CREAM,2,12.75,15039.0,United Kingdom,2026-01-03
517133,21238,RED SPOTTY CUP,8,0.85,15039.0,United Kingdom,2026-01-03
517133,22090,PAPER BUNTING RETRO SPOTS,4,2.95,15039.0,United Kingdom,2026-01-03
517133,22087,PAPER BUNTING WHITE LACE,6,2.95,15039.0,United Kingdom,2026-01-03
517133,21232,STRAWBERRY CERAMIC TRINKET BOX,2,1.25,15039.0,United Kingdom,2026-01-03
517133,22645,CERAMIC HEART FAIRY CAKE MONEY BANK,2,1.45,15039.0,United Kingdom,2026-01-03
517133,21936,RED RETROSPOT PICNIC BAG,5,2.95,15039.0,United Kingdom,2026-01-03
517133,21539,RED RETROSPOT BUTTER DISH,4,4.95,15039.0,United Kingdom,2026-01-03
517133,22513,DOORSTOP FOOTBALL DESIGN,1,3.75,15039.0,United Kingdom,2026-01-03
517133,21313,GLASS HEART T-LIGHT HOLDER ,96,0.64,15039.0,United Kingdom,2026-01-03
517133,84987,SET OF 36 TEATIME PAPER DOILIES,3,1.45,15039.0,United Kingdom,2026-01-03
517133,21974,SET OF 36 PAISLEY FLOWER DOILIES,7,1.45,15039.0,United Kingdom,2026-01-03
517133,71053,WHITE METAL LANTERN,1,3.75,15039.0,United Kingdom,2026-01-03
517133,22064,PINK DOUGHNUT TRINKET POT ,2,1.65,15039.0,United Kingdom,2026-01-03
517133,20674,GREEN SPOTTY BOWL,8,1.25,15039.0,United Kingdom,2026-01-03
517133,84997B,RED 3 PIECE MINI DOTS CUTLERY SET,3,3.75,15039.0,United Kingdom,2026-01-03
517133,84997D,PINK 3 PIECE MINI DOTS CUTLERY SET,3,3.75,15039.0,United Kingdom,2026-01-03
517133,84997A,GREEN 3 PIECE MINI DOTS CUTLERY SET,3,3.75,15039.0,United Kingdom,2026-01-03
517133,84313C,ORANGE TV TRAY TABLE ,1,4.25,15039.0,United Kingdom,2026-01-03
517133,84988,SET OF 72 PINK HEART PAPER DOILIES,24,1.45,15039.0,United Kingdom,2026-01-03
517133,22424,ENAMEL BREAD BIN CREAM,3,12.75,15039.0,United Kingdom,2026-01-03
517133,20675,BLUE SPOTTY BOWL,5,1.25,15039.0,United Kingdom,2026-01-03
517133,20677,PINK SPOTTY BOWL,24,1.25,15039.0,United Kingdom,2026-01-03
517133,21933,PINK VINTAGE PAISLEY PICNIC BAG,1,2.95,15039.0,United Kingdom,2026-01-03
517133,22435,SET OF 9 HEART SHAPED BALLOONS,2,1.25,15039.0,United Kingdom,2026-01-03
517133,84997C,BLUE 3 PIECE MINI DOTS CUTLERY SET,3,3.75,15039.0,United Kingdom,2026-01-03
517134,21133,PAINTED BIRD ASSORTED CHRISTMAS,12,1.69,15051.0,United Kingdom,2026-01-03
517134,21611,SET OF 12 LILY BOTANICAL T-LIGHTS,12,2.95,15051.0,United Kingdom,2026-01-03
517134,21326,AGED GLASS SILVER T-LIGHT HOLDER,156,0.55,15051.0,United Kingdom,2026-01-03
517134,84755,COLOUR GLASS T-LIGHT HOLDER HANGING,24,0.65,15051.0,United Kingdom,2026-01-03
517134,22178,VICTORIAN GLASS HANGING T-LIGHT,18,1.25,15051.0,United Kingdom,2026-01-03
517134,22178,VICTORIAN GLASS HANGING T-LIGHT,12,1.25,15051.0,United Kingdom,2026-01-03
517134,84950,ASSORTED COLOUR T-LIGHT HOLDER,24,0.85,15051.0,United Kingdom,2026-01-03
517134,22615,PACK OF 12 CIRCUS PARADE TISSUES ,12,0.29,15051.0,United Kingdom,2026-01-03
517134,22030,SWALLOWS GREETING CARD,12,0.42,15051.0,United Kingdom,2026-01-03
517134,22616,PACK OF 12 LONDON TISSUES ,12,0.29,15051.0,United Kingdom,2026-01-03
517134,21983,PACK OF 12 BLUE PAISLEY TISSUES ,12,0.29,15051.0,United Kingdom,2026-01-03
517134,21984,PACK OF 12 PINK PAISLEY TISSUES ,12,0.29,15051.0,United Kingdom,2026-01-03
517134,84945,MULTI COLOUR SILVER T-LIGHT HOLDER,24,0.85,15051.0,United Kingdom,2026-01-03
517134,22036,DINOSAUR BIRTHDAY CARD,12,0.42,15051.0,United Kingdom,2026-01-03
517134,21985,PACK OF 12 HEARTS DESIGN TISSUES ,12,0.29,15051.0,United Kingdom,2026-01-03
C517136,22178,VICTORIAN GLASS HANGING T-LIGHT,-12,1.25,15051.0,United Kingdom,2026-01-03
517137,22358,KINGS CHOICE TEA CADDY ,24,2.55,17380.0,United Kingdom,2026-01-03
517137,22567,20 DOLLY PEGS RETROSPOT,12,1.25,17380.0,United Kingdom,2026-01-03
517137,22611,VINTAGE UNION JACK SHOPPING BAG,24,4.25,17380.0,United Kingdom,2026-01-03
517141,21718,RED METAL BEACH SPADE ,12,1.25,16161.0,United Kingdom,2026-01-03
517141,21361,LOVE LARGE WOOD LETTERS ,1,12.75,16161.0,United Kingdom,2026-01-03
517144,21527,RED RETROSPOT TRADITIONAL TEAPOT ,66,6.95,18026.0,United Kingdom,2026-01-03
517144,22649,STRAWBERRY FAIRY CAKE TEAPOT,64,4.25,18026.0,United Kingdom,2026-01-03
517144,22567,20 DOLLY PEGS RETROSPOT,1,1.25,18026.0,United Kingdom,2026-01-03
517144,21528,DAIRY MAID TRADITIONAL TEAPOT ,66,5.95,18026.0,United Kingdom,2026-01-03
517144,37333,"RETRO ""TEA FOR ONE"" ",48,4.25,18026.0,United Kingdom,2026-01-03
517153,22410,MONEY BOX HOUSEKEEPING DESIGN,12,1.25,18257.0,United Kingdom,2026-01-03
517153,21754,HOME BUILDING BLOCK WORD,4,5.95,18257.0,United Kingdom,2026-01-03
517153,22666,RECIPE BOX PANTRY YELLOW DESIGN,6,2.95,18257.0,United Kingdom,2026-01-03
517153,22654,DELUXE SEWING KIT ,2,5.95,18257.0,United Kingdom,2026-01-03
517153,22652,TRAVEL SEWING KIT,12,1.65,18257.0,United Kingdom,2026-01-03
517153,71038,WHITE HANGING BEADS CANDLE HOLDER,4,5.45,18257.0,United Kingdom,2026-01-03
517153,22548,HEADS AND TAILS SPORTING FUN,12,1.25,18257.0,United Kingdom,2026-01-03
517153,22623,BOX OF VINTAGE JIGSAW BLOCKS ,3,4.95,18257.0,United Kingdom,2026-01-03
517153,22423,REGENCY CAKESTAND 3 TIER,2,12.75,18257.0,United Kingdom,2026-01-03
517153,22360,GLASS JAR ENGLISH CONFECTIONERY,6,2.95,18257.0,United Kingdom,2026-01-03
517153,22405,MONEY BOX POCKET MONEY DESIGN,12,1.25,18257.0,United Kingdom,2026-01-03
517153,22511,DOORSTOP RUSSIAN DOLL RETROSPOT,4,3.75,18257.0,United Kingdom,2026-01-03
517153,85099B,JUMBO BAG RED RETROSPOT,20,1.95,18257.0,United Kingdom,2026-01-03
517153,22661,CHARLOTTE BAG DOLLY GIRL DESIGN,20,0.85,18257.0,United Kingdom,2026-01-03
517153,22356,CHARLOTTE BAG PINK WITH WHITE SPOTS,10,0.85,18257.0,United Kingdom,2026-01-03
517153,20724,RED SPOTTY CHARLOTTE BAG,10,0.85,18257.0,United Kingdom,2026-01-03
517153,20728,LUNCH BAG CARS BLUE,10,1.65,18257.0,United Kingdom,2026-01-03
517153,22662,LUNCH BAG DOLLY GIRL DESIGN,10,1.65,18257.0,United Kingdom,2026-01-03
517153,22663,JUMBO BAG DOLLY GIRL DESIGN,20,1.95,18257.0,United Kingdom,2026-01-03
517153,22169,FAMILY ALBUM WHITE PICTURE FRAME,2,8.5,18257.0,United Kingdom,2026-01-03
517154,21238,RED SPOTTY CUP,24,0.85,13722.0,United Kingdom,2026-01-03
517154,21257,VICTORIAN SEWING BOX MEDIUM,6,7.95,13722.0,United Kingdom,2026-01-03
517154,22117,METAL SIGN HER DINNER IS SERVED ,6,2.95,13722.0,United Kingdom,2026-01-03
517154,21754,HOME BUILDING BLOCK WORD,6,5.95,13722.0,United Kingdom,2026-01-03
517154,22423,REGENCY CAKESTAND 3 TIER,6,12.75,13722.0,United Kingdom,2026-01-03
517154,20676,RED SPOTTY BOWL,24,1.25,13722.0,United Kingdom,2026-01-03
517154,22119,PEACE WOODEN BLOCK LETTERS,6,6.95,13722.0,United Kingdom,2026-01-03
517154,22083,PAPER CHAIN KIT RETRO SPOT,12,2.95,13722.0,United Kingdom,2026-01-03
517154,21218,RED SPOTTY BISCUIT TIN,6,3.75,13722.0,United Kingdom,2026-01-03
517154,20914,SET/5 RED SPOTTY LID GLASS BOWLS,6,2.95,13722.0,United Kingdom,2026-01-03
517154,22628,PICNIC BOXES SET OF 3 RETROSPOT ,6,4.95,13722.0,United Kingdom,2026-01-03
517154,21907,I'M ON HOLIDAY METAL SIGN,12,2.1,13722.0,United Kingdom,2026-01-03
517154,22383,LUNCH BAG SUKI  DESIGN ,20,1.65,13722.0,United Kingdom,2026-01-03
517154,20682,RED SPOTTY CHILDS UMBRELLA,12,3.25,13722.0,United Kingdom,2026-01-03
517154,84077,WORLD WAR 2 GLIDERS ASSTD DESIGNS,96,0.21,13722.0,United Kingdom,2026-01-03
517154,21174,POTTERING IN THE SHED METAL SIGN,12,1.95,13722.0,United Kingdom,2026-01-03
517154,21498,RED SPOTS  WRAP ,50,0.42,13722.0,United Kingdom,2026-01-03
517154,22413,METAL SIGN TAKE IT OR LEAVE IT ,6,2.95,13722.0,United Kingdom,2026-01-03
517154,22354,RETROSPOT PADDED SEAT CUSHION,10,3.75,13722.0,United Kingdom,2026-01-03
517154,22704,WRAP RED APPLES ,25,0.42,13722.0,United Kingdom,2026-01-03
517154,16156S,WRAP PINK FAIRY CAKES ,25,0.42,13722.0,United Kingdom,2026-01-03
517154,20969,RED FLORAL FELTCRAFT SHOULDER BAG,8,3.75,13722.0,United Kingdom,2026-01-03
517154,20967,GREY FLORAL FELTCRAFT SHOULDER BAG,8,3.75,13722.0,United Kingdom,2026-01-03
517154,20970,PINK FLORAL FELTCRAFT SHOULDER BAG,8,3.75,13722.0,United Kingdom,2026-01-03
517154,22569,FELTCRAFT CUSHION BUTTERFLY,8,3.75,13722.0,United Kingdom,2026-01-03
517154,22568,FELTCRAFT CUSHION OWL,8,3.75,13722.0,United Kingdom,2026-01-03
517154,22274,FELTCRAFT DOLL EMILY,12,2.95,13722.0,United Kingdom,2026-01-03
517154,22273,FELTCRAFT DOLL MOLLY,12,2.95,13722.0,United Kingdom,2026-01-03
517154,22570,FELTCRAFT CUSHION RABBIT,8,3.75,13722.0,United Kingdom,2026-01-03
517154,22272,FELTCRAFT DOLL MARIA,12,2.95,13722.0,United Kingdom,2026-01-03
517154,20972,PINK CREAM FELT CRAFT TRINKET BOX ,12,1.25,13722.0,United Kingdom,2026-01-03
517154,20971,PINK BLUE FELT CRAFT TRINKET BOX,12,1.25,13722.0,United Kingdom,2026-01-03
517154,20728,LUNCH BAG CARS BLUE,20,1.65,13722.0,United Kingdom,2026-01-03
517154,22384,LUNCH BAG PINK RETROSPOT,20,1.65,13722.0,United Kingdom,2026-01-03
517154,20725,LUNCH BAG RED SPOTTY,20,1.65,13722.0,United Kingdom,2026-01-03
517154,21500,PINK SPOTS  WRAP ,50,0.42,13722.0,United Kingdom,2026-01-03
517154,22709,WRAP WEDDING DAY,25,0.42,13722.0,United Kingdom,2026-01-03
517154,22271,FELTCRAFT DOLL ROSIE,12,2.95,13722.0,United Kingdom,2026-01-03
517156,22636,CHILDS BREAKFAST SET CIRCUS PARADE,2,8.5,17157.0,United Kingdom,2026-01-03
517156,22715,CARD WEDDING DAY,12,0.42,17157.0,United Kingdom,2026-01-03
517156,21137,BLACK RECORD COVER FRAME,48,3.39,17157.0,United Kingdom,2026-01-03
517156,22041,"RECORD FRAME 7"" SINGLE SIZE ",6,2.55,17157.0,United Kingdom,2026-01-03
517156,22616,PACK OF 12 LONDON TISSUES ,48,0.29,17157.0,United Kingdom,2026-01-03
517156,22666,RECIPE BOX PANTRY YELLOW DESIGN,6,2.95,17157.0,United Kingdom,2026-01-03
517156,10002,INFLATABLE POLITICAL GLOBE ,12,0.85,17157.0,United Kingdom,2026-01-03
517155,21171,BATHROOM METAL SIGN ,12,1.45,12853.0,United Kingdom,2026-01-03
517156,82001S,VINYL RECORD FRAME SILVER,12,3.75,17157.0,United Kingdom,2026-01-03
517155,21172,PARTY METAL SIGN ,12,1.45,12853.0,United Kingdom,2026-01-03
517156,22592,CARDHOLDER HOLLY WREATH METAL,4,3.75,17157.0,United Kingdom,2026-01-03
517155,22469,HEART OF WICKER SMALL,40,1.45,12853.0,United Kingdom,2026-01-03
517155,22687,DOORMAT CHRISTMAS VILLAGE,4,7.49,12853.0,United Kingdom,2026-01-03
517155,21485,RED SPOT HEART HOT WATER BOTTLE,6,4.95,12853.0,United Kingdom,2026-01-03
517155,22114,HOT WATER BOTTLE TEA AND SYMPATHY,4,3.95,12853.0,United Kingdom,2026-01-03
517155,22563,HAPPY STENCIL CRAFT,12,1.25,12853.0,United Kingdom,2026-01-03
517155,22423,REGENCY CAKESTAND 3 TIER,6,12.75,12853.0,United Kingdom,2026-01-03
517155,22475,SKULL DESIGN TV DINNER TRAY,3,4.95,12853.0,United Kingdom,2026-01-03
517155,22505,MEMO BOARD COTTAGE DESIGN,4,4.95,12853.0,United Kingdom,2026-01-03
517155,22476,EMPIRE UNION JACK TV DINNER TRAY,3,4.95,12853.0,United Kingdom,2026-01-03
517155,22470,HEART OF WICKER LARGE,40,2.55,12853.0,United Kingdom,2026-01-03
517159,21623,VINTAGE UNION JACK MEMOBOARD,4,9.95,13722.0,United Kingdom,2026-01-03
517159,22418,10 COLOUR SPACEBOY PEN,48,0.85,13722.0,United Kingdom,2026-01-03
517159,22507,MEMO BOARD RETROSPOT  DESIGN,4,4.95,13722.0,United Kingdom,2026-01-03
517161,22457,NATURAL SLATE HEART CHALKBOARD ,6,2.95,12853.0,United Kingdom,2026-01-03
517159,22468,BABUSHKA LIGHTS STRING OF 10,4,6.75,13722.0,United Kingdom,2026-01-03
517192,20734,SILVER MINI TAPE MEASURE ,100,0.72,16013.0,United Kingdom,2026-01-03
517192,20738,GREEN MINI TAPE MEASURE ,100,0.72,16013.0,United Kingdom,2026-01-03
517192,21733,RED HANGING HEART T-LIGHT HOLDER,100,2.55,16013.0,United Kingdom,2026-01-03
517193,21791,VINTAGE HEADS AND TAILS CARD GAME ,12,1.25,13078.0,United Kingdom,2026-01-03
517193,21754,HOME BUILDING BLOCK WORD,3,5.95,13078.0,United Kingdom,2026-01-03
517193,82600,NO SINGING METAL SIGN,48,1.69,13078.0,United Kingdom,2026-01-03
517193,22611,VINTAGE UNION JACK SHOPPING BAG,3,4.95,13078.0,United Kingdom,2026-01-03
517193,21071,VINTAGE BILLBOARD DRINK ME MUG,12,1.25,13078.0,United Kingdom,2026-01-03
517193,21464,DISCO BALL ROTATOR BATTERY OPERATED,2,4.25,13078.0,United Kingdom,2026-01-03
517193,21523,DOORMAT FANCY FONT HOME SWEET HOME,10,6.35,13078.0,United Kingdom,2026-01-03
517193,48138,DOORMAT UNION FLAG,10,6.35,13078.0,United Kingdom,2026-01-03
517193,46000S,POLYESTER FILLER PAD 40x40cm,4,1.45,13078.0,United Kingdom,2026-01-03
517193,21622,VINTAGE UNION JACK CUSHION COVER,4,4.95,13078.0,United Kingdom,2026-01-03
517193,84596B,SMALL DOLLY MIX DESIGN ORANGE BOWL,8,1.25,13078.0,United Kingdom,2026-01-03
517197,71459,HANGING JAM JAR T-LIGHT HOLDER,48,0.85,16219.0,United Kingdom,2026-01-03
517209,22182,CAKE STAND VICTORIAN FILIGREE SMALL,19,4.95,17918.0,United Kingdom,2026-01-03
517209,21034,REX CASH+CARRY JUMBO SHOPPER,2,0.95,17918.0,United Kingdom,2026-01-03
517212,20752,RETRO BLUE SPOTTY WASHING UP GLOVES,6,2.1,16128.0,United Kingdom,2026-01-03
517212,21592,RETRO SPOT  CIGAR BOX MATCHES ,24,1.25,16128.0,United Kingdom,2026-01-03
517212,21429,RED GINGHAM ROSE JEWELLERY BOX,8,1.65,16128.0,United Kingdom,2026-01-03
517212,22567,20 DOLLY PEGS RETROSPOT,12,1.25,16128.0,United Kingdom,2026-01-03
517212,22197,SMALL POPCORN HOLDER,12,0.85,16128.0,United Kingdom,2026-01-03
517212,22557,PLASTERS IN TIN VINTAGE PAISLEY ,12,1.65,16128.0,United Kingdom,2026-01-03
517212,22507,MEMO BOARD RETROSPOT  DESIGN,4,4.95,16128.0,United Kingdom,2026-01-03
517212,22555,PLASTERS IN TIN STRONGMAN,12,1.65,16128.0,United Kingdom,2026-01-03
517212,22554,PLASTERS IN TIN WOODLAND ANIMALS,12,1.65,16128.0,United Kingdom,2026-01-03
517212,22483,RED GINGHAM TEDDY BEAR ,6,2.95,16128.0,United Kingdom,2026-01-03
517212,22480,RED TEA TOWEL CLASSIC DESIGN,12,1.25,16128.0,United Kingdom,2026-01-03
517212,21832,CHOCOLATE CALCULATOR,12,1.65,16128.0,United Kingdom,2026-01-03
517212,21900,"KEY FOB , SHED",24,0.65,16128.0,United Kingdom,2026-01-03
517212,22027,TEA PARTY BIRTHDAY CARD,12,0.42,16128.0,United Kingdom,2026-01-03
517212,22652,TRAVEL SEWING KIT,12,1.65,16128.0,United Kingdom,2026-01-03
517212,22665,RECIPE BOX BLUE SKETCHBOOK DESIGN,6,2.95,16128.0,United Kingdom,2026-01-03
517212,22666,RECIPE BOX PANTRY YELLOW DESIGN,6,2.95,16128.0,United Kingdom,2026-01-03
517212,21754,HOME BUILDING BLOCK WORD,3,5.95,16128.0,United Kingdom,2026-01-03
517212,22712,CARD DOLLY GIRL ,12,0.42,16128.0,United Kingdom,2026-01-03
517212,22035,VINTAGE CARAVAN GREETING CARD ,12,0.42,16128.0,United Kingdom,2026-01-03
517212,21506,"FANCY FONT BIRTHDAY CARD, ",12,0.42,16128.0,United Kingdom,2026-01-03
517212,21519,GIN & TONIC DIET GREETING CARD ,12,0.42,16128.0,United Kingdom,2026-01-03
517212,85152,HAND OVER THE CHOCOLATE   SIGN ,12,2.1,16128.0,United Kingdom,2026-01-03
517212,22413,METAL SIGN TAKE IT OR LEAVE IT ,6,2.95,16128.0,United Kingdom,2026-01-03
517212,22412,METAL SIGN NEIGHBOURHOOD WITCH ,12,2.1,16128.0,United Kingdom,2026-01-03
517212,82582,AREA PATROLLED METAL SIGN,12,2.1,16128.0,United Kingdom,2026-01-03
517212,84879,ASSORTED COLOUR BIRD ORNAMENT,8,1.69,16128.0,United Kingdom,2026-01-03
517213,84755,COLOUR GLASS T-LIGHT HOLDER HANGING,144,0.55,15873.0,United Kingdom,2026-01-03
517213,85110,BLACK SILVER FLOWER T-LIGHT HOLDER,144,0.19,15873.0,United Kingdom,2026-01-03
517214,85110,BLACK SILVER FLOWER T-LIGHT HOLDER,144,0.19,15873.0,United Kingdom,2026-01-03
517215,85111,SILVER GLITTER FLOWER VOTIVE HOLDER,144,0.29,15873.0,United Kingdom,2026-01-03
517216,22172,METAL SHELF WITH RAIL ,2,8.5,16266.0,United Kingdom,2026-01-03
517216,21474,SWEETHEART CREAM STEEL FOLDIN BENCH,4,19.95,16266.0,United Kingdom,2026-01-03
517217,22411,JUMBO SHOPPER VINTAGE RED PAISLEY,4,1.95,16393.0,United Kingdom,2026-01-03
517217,21928,JUMBO BAG SCANDINAVIAN PAISLEY,4,1.95,16393.0,United Kingdom,2026-01-03
517217,21932,SCANDINAVIAN PAISLEY PICNIC BAG,1,2.95,16393.0,United Kingdom,2026-01-03
517217,21936,RED RETROSPOT PICNIC BAG,6,2.95,16393.0,United Kingdom,2026-01-03
517217,22384,LUNCH BAG PINK RETROSPOT,3,1.65,16393.0,United Kingdom,2026-01-03
517217,22662,LUNCH BAG DOLLY GIRL DESIGN,4,1.65,16393.0,United Kingdom,2026-01-03
517217,20726,LUNCH BAG WOODLAND,2,1.65,16393.0,United Kingdom,2026-01-03
517217,20725,LUNCH BAG RED SPOTTY,1,1.65,16393.0,United Kingdom,2026-01-03
517217,21034,REX CASH+CARRY JUMBO SHOPPER,1,0.95,16393.0,United Kingdom,2026-01-03
517217,22383,LUNCH BAG SUKI  DESIGN ,4,1.65,16393.0,United Kingdom,2026-01-03
517217,21931,JUMBO STORAGE BAG SUKI,1,1.95,16393.0,United Kingdom,2026-01-03
517217,20727,LUNCH BAG  BLACK SKULL.,1,1.65,16393.0,United Kingdom,2026-01-03
517217,22714,CARD BIRTHDAY COWBOY,12,0.42,16393.0,United Kingdom,2026-01-03
517217,22554,PLASTERS IN TIN WOODLAND ANIMALS,1,1.65,16393.0,United Kingdom,2026-01-03
517217,90090,PINK CRYSTAL HEART PHONE CHARM,1,0.85,16393.0,United Kingdom,2026-01-03
517217,22629,SPACEBOY LUNCH BOX ,10,1.95,16393.0,United Kingdom,2026-01-03
517217,22631,CIRCUS PARADE LUNCH BOX ,6,1.95,16393.0,United Kingdom,2026-01-03
517217,21791,VINTAGE HEADS AND TAILS CARD GAME ,3,1.25,16393.0,United Kingdom,2026-01-03
517217,22549,PICTURE DOMINOES,1,1.45,16393.0,United Kingdom,2026-01-03
517217,22548,HEADS AND TAILS SPORTING FUN,3,1.25,16393.0,United Kingdom,2026-01-03
517217,22659,LUNCH BOX I LOVE LONDON,14,1.95,16393.0,United Kingdom,2026-01-03
517217,22382,LUNCH BAG SPACEBOY DESIGN ,1,1.65,16393.0,United Kingdom,2026-01-03
517218,22501,PICNIC BASKET WICKER LARGE,2,9.95,13384.0,United Kingdom,2026-01-03
517218,48111,DOORMAT 3 SMILEY CATS,2,7.49,13384.0,United Kingdom,2026-01-03
517218,21523,DOORMAT FANCY FONT HOME SWEET HOME,2,7.49,13384.0,United Kingdom,2026-01-03
517218,22326,ROUND SNACK BOXES SET OF4 WOODLAND ,6,2.95,13384.0,United Kingdom,2026-01-03
517218,21786,RAIN HAT WITH RED SPOTS,24,0.42,13384.0,United Kingdom,2026-01-03
517218,21976,PACK OF 60 MUSHROOM CAKE CASES,24,0.55,13384.0,United Kingdom,2026-01-03
517218,21973,SET OF 36 MUSHROOM PAPER DOILIES,12,1.45,13384.0,United Kingdom,2026-01-03
517218,15039,SANDALWOOD FAN,10,0.85,13384.0,United Kingdom,2026-01-03
517218,22502,PICNIC BASKET WICKER SMALL,4,4.25,13384.0,United Kingdom,2026-01-03
517218,21212,PACK OF 72 RETRO SPOT CAKE CASES,24,0.55,13384.0,United Kingdom,2026-01-03
517218,21899,"KEY FOB , GARAGE DESIGN",24,0.65,13384.0,United Kingdom,2026-01-03
517218,21058,PARTY INVITES WOODLAND,24,0.85,13384.0,United Kingdom,2026-01-03
517218,21901,"KEY FOB , BACK DOOR ",24,0.65,13384.0,United Kingdom,2026-01-03
517218,21902,"KEY FOB , FRONT  DOOR ",16,0.65,13384.0,United Kingdom,2026-01-03
517218,84692,BOX OF 24 COCKTAIL PARASOLS,50,0.42,13384.0,United Kingdom,2026-01-03
517218,22331,WOODLAND PARTY BAG + STICKER SET,48,1.45,13384.0,United Kingdom,2026-01-03
517218,21381,MINI WOODEN HAPPY BIRTHDAY GARLAND,24,1.69,13384.0,United Kingdom,2026-01-03
517218,20726,LUNCH BAG WOODLAND,20,1.65,13384.0,United Kingdom,2026-01-03
517218,20719,WOODLAND CHARLOTTE BAG,10,0.85,13384.0,United Kingdom,2026-01-03
517218,22231,JIGSAW TREE WITH BIRDHOUSE,12,1.45,13384.0,United Kingdom,2026-01-03
517218,22445,PENCIL CASE LIFE IS BEAUTIFUL,6,2.95,13384.0,United Kingdom,2026-01-03
517218,21731,RED TOADSTOOL LED NIGHT LIGHT,24,1.65,13384.0,United Kingdom,2026-01-03
517218,85178,VICTORIAN SEWING KIT,12,1.25,13384.0,United Kingdom,2026-01-03
517218,21900,"KEY FOB , SHED",24,0.65,13384.0,United Kingdom,2026-01-03
517218,85176,SEWING SUSAN 21 NEEDLE SET,12,0.85,13384.0,United Kingdom,2026-01-03
517218,85177,BASKET OF FLOWERS SEWING KIT,12,0.85,13384.0,United Kingdom,2026-01-03
517218,22077,6 RIBBONS RUSTIC CHARM,12,1.65,13384.0,United Kingdom,2026-01-03
517218,21788,KIDS RAIN MAC BLUE,24,0.85,13384.0,United Kingdom,2026-01-03
517218,22179,SET 10 LIGHTS NIGHT OWL,4,6.75,13384.0,United Kingdom,2026-01-03
517218,22554,PLASTERS IN TIN WOODLAND ANIMALS,24,1.65,13384.0,United Kingdom,2026-01-03
517218,21249,WOODLAND  HEIGHT CHART STICKERS ,6,2.95,13384.0,United Kingdom,2026-01-03
517218,21542,WOODLAND WATER TRANSFER TATTOOS ,24,0.85,13384.0,United Kingdom,2026-01-03
517218,21432,SET OF 3 CASES WOODLAND DESIGN,12,5.45,13384.0,United Kingdom,2026-01-03
517218,21426,WOODLAND STORAGE BOX SMALL,6,2.1,13384.0,United Kingdom,2026-01-03
517218,21680,WOODLAND  STICKERS,12,0.85,13384.0,United Kingdom,2026-01-03
517218,21675,BUTTERFLIES STICKERS,12,0.85,13384.0,United Kingdom,2026-01-03
517218,22149,FELTCRAFT 6 FLOWER FRIENDS,6,2.1,13384.0,United Kingdom,2026-01-03
517218,22621,TRADITIONAL KNITTING NANCY,12,1.45,13384.0,United Kingdom,2026-01-03
517218,21424,WOODLAND STORAGE BOX LARGE ,6,2.95,13384.0,United Kingdom,2026-01-03
517218,22561,WOODEN SCHOOL COLOURING SET,12,1.65,13384.0,United Kingdom,2026-01-03
517218,20770,ABSTRACT CIRCLE JOURNAL ,6,2.55,13384.0,United Kingdom,2026-01-03
517218,20764,ABSTRACT CIRCLES SKETCHBOOK ,4,3.75,13384.0,United Kingdom,2026-01-03
517218,22585,PACK OF 6 BIRDY GIFT TAGS,12,1.25,13384.0,United Kingdom,2026-01-03
517218,22583,PACK OF 6 HANDBAG GIFT BOXES,6,2.55,13384.0,United Kingdom,2026-01-03
517218,20977,36 PENCILS TUBE WOODLAND,16,1.25,13384.0,United Kingdom,2026-01-03
517218,21509,COWBOYS AND INDIANS BIRTHDAY CARD ,12,0.42,13384.0,United Kingdom,2026-01-03
517218,22110,BIRD HOUSE HOT WATER BOTTLE,4,3.45,13384.0,United Kingdom,2026-01-03
517218,21484,CHICK GREY HOT WATER BOTTLE,4,3.45,13384.0,United Kingdom,2026-01-03
517218,21981,PACK OF 12 WOODLAND TISSUES ,48,0.29,13384.0,United Kingdom,2026-01-03
517218,22099,CARAVAN SQUARE TISSUE BOX,12,1.25,13384.0,United Kingdom,2026-01-03
517218,22509,SEWING BOX RETROSPOT DESIGN ,1,16.95,13384.0,United Kingdom,2026-01-03
C517219,21713,CITRONELLA CANDLE FLOWERPOT,-3,2.1,15788.0,United Kingdom,2026-01-03
C517220,22456,NATURAL SLATE CHALKBOARD LARGE ,-3,4.95,,United Kingdom,2026-01-03
517221,22500,SET OF 2 TINS JARDIN DE PROVENCE,4,4.95,17465.0,United Kingdom,2026-01-03
517221,22115,METAL SIGN EMPIRE TEA,6,2.95,17465.0,United Kingdom,2026-01-03
517221,22572,ROCKING HORSE GREEN CHRISTMAS ,12,0.85,17465.0,United Kingdom,2026-01-03
517221,22571,ROCKING HORSE RED CHRISTMAS ,12,0.85,17465.0,United Kingdom,2026-01-03
517221,22574,HEART WOODEN CHRISTMAS DECORATION,12,0.85,17465.0,United Kingdom,2026-01-03
517221,22573,STAR WOODEN CHRISTMAS DECORATION,12,0.85,17465.0,United Kingdom,2026-01-03
517221,22576,SWALLOW WOODEN CHRISTMAS DECORATION,12,0.85,17465.0,United Kingdom,2026-01-03
517221,22588,CARDHOLDER GINGHAM HEART,6,2.55,17465.0,United Kingdom,2026-01-03
517221,21806,WHITE CHRISTMAS HEART DECORATION,36,0.42,17465.0,United Kingdom,2026-01-03
517221,21807,WHITE CHRISTMAS STAR DECORATION,36,0.42,17465.0,United Kingdom,2026-01-03
517221,21805,WHITE CHRISTMAS TREE DECORATION ,36,0.42,17465.0,United Kingdom,2026-01-03
517221,48185,DOORMAT FAIRY CAKE,2,7.49,17465.0,United Kingdom,2026-01-03
517221,22465,HANGING METAL STAR LANTERN,12,1.65,17465.0,United Kingdom,2026-01-03
517221,22464,HANGING METAL HEART LANTERN,12,1.65,17465.0,United Kingdom,2026-01-03
517221,79000,MOROCCAN TEA GLASS,24,0.85,17465.0,United Kingdom,2026-01-03
517221,84975,HEART SHAPED MIRROR,6,1.69,17465.0,United Kingdom,2026-01-03
517221,84755,COLOUR GLASS T-LIGHT HOLDER HANGING,16,0.65,17465.0,United Kingdom,2026-01-03
517221,85232B,SET/3 RUSSIAN DOLL STACKING TINS,3,4.95,17465.0,United Kingdom,2026-01-03
517221,22622,BOX OF VINTAGE ALPHABET BLOCKS,2,9.95,17465.0,United Kingdom,2026-01-03
517221,47590B,PINK HAPPY BIRTHDAY BUNTING,3,5.45,17465.0,United Kingdom,2026-01-03
517221,22505,MEMO BOARD COTTAGE DESIGN,4,4.95,17465.0,United Kingdom,2026-01-03
517221,21623,VINTAGE UNION JACK MEMOBOARD,2,9.95,17465.0,United Kingdom,2026-01-03
517221,22224,WHITE LOVEBIRD LANTERN,6,2.95,17465.0,United Kingdom,2026-01-03
517222,21672,WHITE SPOT RED CERAMIC DRAWER KNOB,6,1.25,17504.0,United Kingdom,2026-01-03
517222,21669,BLUE STRIPE CERAMIC DRAWER KNOB,6,1.25,17504.0,United Kingdom,2026-01-03
517222,21668,RED STRIPE CERAMIC DRAWER KNOB,6,1.25,17504.0,United Kingdom,2026-01-03
517222,21670,BLUE SPOT CERAMIC DRAWER KNOB,6,1.25,17504.0,United Kingdom,2026-01-03
517222,21673,WHITE SPOT BLUE CERAMIC DRAWER KNOB,6,1.25,17504.0,United Kingdom,2026-01-03
517222,22295,HEART FILIGREE DOVE LARGE,12,1.65,17504.0,United Kingdom,2026-01-03
517222,22595,CHRISTMAS GINGHAM HEART,36,0.85,17504.0,United Kingdom,2026-01-03
517222,22639,SET OF 4 NAPKIN CHARMS HEARTS,10,2.55,17504.0,United Kingdom,2026-01-03
517222,84347,ROTATING SILVER ANGELS T-LIGHT HLDR,12,2.55,17504.0,United Kingdom,2026-01-03
517222,21390,FILIGRIS HEART WITH BUTTERFLY,24,1.25,17504.0,United Kingdom,2026-01-03
517222,21671,RED SPOT CERAMIC DRAWER KNOB,6,1.25,17504.0,United Kingdom,2026-01-03
517222,22156,HEART DECORATION WITH PEARLS ,36,0.85,17504.0,United Kingdom,2026-01-03
517222,22168,ORGANISER WOOD ANTIQUE WHITE ,1,8.5,17504.0,United Kingdom,2026-01-03
517222,22078,RIBBON REEL LACE DESIGN ,5,2.1,17504.0,United Kingdom,2026-01-03
517222,22079,RIBBON REEL HEARTS DESIGN ,5,1.65,17504.0,United Kingdom,2026-01-03
517222,22080,RIBBON REEL SPOTS DESIGN ,5,1.65,17504.0,United Kingdom,2026-01-03
517222,22227,"DECORATION, HANGING HEART+MIRROR ",12,0.65,17504.0,United Kingdom,2026-01-03
517222,22082,RIBBON REEL STRIPES DESIGN ,5,1.65,17504.0,United Kingdom,2026-01-03
517222,84352,SILVER CHRISTMAS TREE BAUBLE STAND ,2,16.95,17504.0,United Kingdom,2026-01-03
517222,22158,3 HEARTS HANGING DECORATION RUSTIC,22,2.95,17504.0,United Kingdom,2026-01-03
517222,85049A,TRADITIONAL CHRISTMAS RIBBONS,10,1.25,17504.0,United Kingdom,2026-01-03
517222,85049E,SCANDINAVIAN REDS RIBBONS,5,1.25,17504.0,United Kingdom,2026-01-03
517222,85049F,BABY BOOM RIBBONS ,5,1.25,17504.0,United Kingdom,2026-01-03
517222,72741,GRAND CHOCOLATECANDLE,27,1.45,17504.0,United Kingdom,2026-01-03
517222,35400,WOODEN BOX ADVENT CALENDAR ,2,8.95,17504.0,United Kingdom,2026-01-03
517222,22296,HEART IVORY TRELLIS LARGE,12,1.65,17504.0,United Kingdom,2026-01-03
517223,21913,VINTAGE SEASIDE JIGSAW PUZZLES,1,3.75,,United Kingdom,2026-01-03
517223,22623,BOX OF VINTAGE JIGSAW BLOCKS ,1,4.95,,United Kingdom,2026-01-03
517223,22520,CHILDS GARDEN TROWEL BLUE ,1,0.85,,United Kingdom,2026-01-03
517224,22354,RETROSPOT PADDED SEAT CUSHION,1,3.75,13161.0,United Kingdom,2026-01-03
517224,82484,WOOD BLACK BOARD ANT WHITE FINISH,2,6.45,13161.0,United Kingdom,2026-01-03
517224,22172,METAL SHELF WITH RAIL ,1,8.5,13161.0,United Kingdom,2026-01-03
517224,85066,CREAM SWEETHEART MINI CHEST,2,12.75,13161.0,United Kingdom,2026-01-03
517224,71038,WHITE HANGING BEADS CANDLE HOLDER,4,5.45,13161.0,United Kingdom,2026-01-03
517224,84839,SWEETHEART KEY CABINET,1,6.75,13161.0,United Kingdom,2026-01-03
517224,82482,WOODEN PICTURE FRAME WHITE FINISH,6,2.55,13161.0,United Kingdom,2026-01-03
517224,21533,RETRO SPOT LARGE MILK JUG,1,4.95,13161.0,United Kingdom,2026-01-03
517224,84884A,ANT WHITE WIRE HEART SPIRAL,10,3.95,13161.0,United Kingdom,2026-01-03
517224,84839,SWEETHEART KEY CABINET,1,6.75,13161.0,United Kingdom,2026-01-03
517224,48138,DOORMAT UNION FLAG,2,7.49,13161.0,United Kingdom,2026-01-03
517224,84840,SWEETHEART CARRY-ALL BASKET,2,8.5,13161.0,United Kingdom,2026-01-03
517224,84406B,CREAM CUPID HEARTS COAT HANGER,8,3.25,13161.0,United Kingdom,2026-01-03
517224,22627,MINT KITCHEN SCALES,1,8.5,13161.0,United Kingdom,2026-01-03
517224,82486,WOOD S/3 CABINET ANT WHITE FINISH,2,7.95,13161.0,United Kingdom,2026-01-03
517224,22173,METAL 4 HOOK HANGER FRENCH CHATEAU,8,2.95,13161.0,United Kingdom,2026-01-03
517224,85123A,WHITE HANGING HEART T-LIGHT HOLDER,10,2.95,13161.0,United Kingdom,2026-01-03
517224,22667,RECIPE BOX RETRO SPOT DESIGN,2,2.95,13161.0,United Kingdom,2026-01-03
517224,21116,OWL DOORSTOP,2,4.95,13161.0,United Kingdom,2026-01-03
517224,21218,RED SPOTTY BISCUIT TIN,1,3.75,13161.0,United Kingdom,2026-01-03
517224,22158,3 HEARTS HANGING DECORATION RUSTIC,2,2.95,13161.0,United Kingdom,2026-01-03
517224,72760B,VINTAGE CREAM 3 BASKET CAKE STAND,2,9.95,13161.0,United Kingdom,2026-01-03
517224,22624,IVORY KITCHEN SCALES,2,8.5,13161.0,United Kingdom,2026-01-03
517224,22072,RED RETROSPOT TEA CUP AND SAUCER ,1,3.75,13161.0,United Kingdom,2026-01-03
517224,22283,6 EGG HOUSE PAINTED WOOD,2,7.95,13161.0,United Kingdom,2026-01-03
517224,22090,PAPER BUNTING RETRO SPOTS,1,2.95,13161.0,United Kingdom,2026-01-03
517225,21592,RETRO SPOT  CIGAR BOX MATCHES ,24,1.25,15614.0,United Kingdom,2026-01-03
517225,16161P,WRAP ENGLISH ROSE ,25,0.42,15614.0,United Kingdom,2026-01-03
517225,22711,WRAP CIRCUS PARADE,25,0.42,15614.0,United Kingdom,2026-01-03
517225,22047,EMPIRE GIFT WRAP,25,0.42,15614.0,United Kingdom,2026-01-03
517225,21556,CERAMIC STRAWBERRY MONEY BOX,24,2.25,15614.0,United Kingdom,2026-01-03
517225,21917,SET 12 KIDS  WHITE CHALK STICKS,24,0.42,15614.0,United Kingdom,2026-01-03
517225,84270,ASSTD DESIGN BUBBLE GUM RING,30,0.21,15614.0,United Kingdom,2026-01-03
517225,21082,SET/20 FRUIT SALAD PAPER NAPKINS ,12,0.85,15614.0,United Kingdom,2026-01-03
517225,20914,SET/5 RED SPOTTY LID GLASS BOWLS,6,2.95,15614.0,United Kingdom,2026-01-03
517225,22652,TRAVEL SEWING KIT,12,1.65,15614.0,United Kingdom,2026-01-03
517225,16156S,WRAP PINK FAIRY CAKES ,25,0.42,15614.0,United Kingdom,2026-01-03
517225,21232,STRAWBERRY CERAMIC TRINKET BOX,12,1.25,15614.0,United Kingdom,2026-01-03
517225,21231,SWEETHEART CERAMIC TRINKET BOX,12,1.25,15614.0,United Kingdom,2026-01-03
517225,22646,CERAMIC STRAWBERRY CAKE MONEY BANK,72,1.25,15614.0,United Kingdom,2026-01-03
517225,22649,STRAWBERRY FAIRY CAKE TEAPOT,8,4.95,15614.0,United Kingdom,2026-01-03
517225,22301,COFFEE MUG CAT + BIRD DESIGN,36,2.1,15614.0,United Kingdom,2026-01-03
517225,22300,COFFEE MUG DOG + BALL DESIGN,36,2.1,15614.0,United Kingdom,2026-01-03
517225,21174,POTTERING IN THE SHED METAL SIGN,12,1.95,15614.0,United Kingdom,2026-01-03
517225,22413,METAL SIGN TAKE IT OR LEAVE IT ,6,2.95,15614.0,United Kingdom,2026-01-03
517225,21907,I'M ON HOLIDAY METAL SIGN,12,2.1,15614.0,United Kingdom,2026-01-03
517225,22412,METAL SIGN NEIGHBOURHOOD WITCH ,12,2.1,15614.0,United Kingdom,2026-01-03
517225,22666,RECIPE BOX PANTRY YELLOW DESIGN,6,2.95,15614.0,United Kingdom,2026-01-03
517226,22168,ORGANISER WOOD ANTIQUE WHITE ,72,7.5,16013.0,United Kingdom,2026-01-03
C517227,20893,HANGING BAUBLE T-LIGHT HOLDER SMALL,-72,2.1,17408.0,United Kingdom,2026-01-03
517228,22423,REGENCY CAKESTAND 3 TIER,1,12.75,17408.0,United Kingdom,2026-01-03
517229,21539,RED RETROSPOT BUTTER DISH,5,4.95,15284.0,United Kingdom,2026-01-03
517230,21579,LOLITA  DESIGN  COTTON TOTE BAG,6,2.25,15298.0,United Kingdom,2026-01-03
517230,20717,STRAWBERRY SHOPPER BAG,10,1.25,15298.0,United Kingdom,2026-01-03
517230,20716,PARTY FOOD SHOPPER BAG,10,1.25,15298.0,United Kingdom,2026-01-03
517230,37448,CERAMIC CAKE DESIGN SPOTTED MUG,12,1.49,15298.0,United Kingdom,2026-01-03
517230,22059,CERAMIC STRWBERRY DESIGN MUG,12,1.49,15298.0,United Kingdom,2026-01-03
517230,84509A,SET OF 4 ENGLISH ROSE PLACEMATS,4,3.75,15298.0,United Kingdom,2026-01-03
517230,21935,SUKI  SHOULDER BAG,10,1.65,15298.0,United Kingdom,2026-01-03
517230,22355,CHARLOTTE BAG SUKI DESIGN,10,0.85,15298.0,United Kingdom,2026-01-03
517230,20724,RED SPOTTY CHARLOTTE BAG,10,0.85,15298.0,United Kingdom,2026-01-03
517230,22179,SET 10 LIGHTS NIGHT OWL,2,6.75,15298.0,United Kingdom,2026-01-03
517230,21542,WOODLAND WATER TRANSFER TATTOOS ,12,0.85,15298.0,United Kingdom,2026-01-03
517230,22198,LARGE POPCORN HOLDER ,24,1.65,15298.0,United Kingdom,2026-01-03
517230,21231,SWEETHEART CERAMIC TRINKET BOX,24,1.25,15298.0,United Kingdom,2026-01-03
517230,21232,STRAWBERRY CERAMIC TRINKET BOX,24,1.25,15298.0,United Kingdom,2026-01-03
517230,22197,SMALL POPCORN HOLDER,36,0.85,15298.0,United Kingdom,2026-01-03
517230,79320,FLAMINGO LIGHTS,4,4.95,15298.0,United Kingdom,2026-01-03
517230,22411,JUMBO SHOPPER VINTAGE RED PAISLEY,10,1.95,15298.0,United Kingdom,2026-01-03
517230,20719,WOODLAND CHARLOTTE BAG,10,0.85,15298.0,United Kingdom,2026-01-03
517230,22611,VINTAGE UNION JACK SHOPPING BAG,3,4.95,15298.0,United Kingdom,2026-01-03
517230,20723,STRAWBERRY CHARLOTTE BAG,10,0.85,15298.0,United Kingdom,2026-01-03
C517231,D,Discount,-120,0.27,16422.0,United Kingdom,2026-01-03
517232,C2,CARRIAGE,1,50.0,14911.0,EIRE,2026-01-03
517232,21737,SET 3 WICKER LOG BASKETS,2,19.95,14911.0,EIRE,2026-01-03
517232,72812,LARGE ZINC GLASS CANDLEHOLDER,6,2.1,14911.0,EIRE,2026-01-03
517232,84944,SET OF 6 KASHMIR FOLKART BAUBLES,4,4.25,14911.0,EIRE,2026-01-03
517232,85055,FRENCH ENAMEL UTENSIL HOLDER,24,2.95,14911.0,EIRE,2026-01-03
517232,22561,WOODEN SCHOOL COLOURING SET,12,1.65,14911.0,EIRE,2026-01-03
517232,84978,HANGING HEART JAR T-LIGHT HOLDER,36,1.06,14911.0,EIRE,2026-01-03
517232,22443,GROW YOUR OWN HERBS SET OF 3,6,7.95,14911.0,EIRE,2026-01-03
517232,85042,ANTIQUE LILY FAIRY LIGHTS,12,4.95,14911.0,EIRE,2026-01-03
517232,21658,GLASS  BEURRE DISH,12,3.95,14911.0,EIRE,2026-01-03
517232,85054,FRENCH ENAMEL POT W LID,12,2.95,14911.0,EIRE,2026-01-03
517232,71459,HANGING JAM JAR T-LIGHT HOLDER,36,0.85,14911.0,EIRE,2026-01-03
517232,72811,SMALL ZINC/GLASS CANDLEHOLDER,24,1.49,14911.0,EIRE,2026-01-03
517232,84970S,HANGING HEART ZINC T-LIGHT HOLDER,24,0.85,14911.0,EIRE,2026-01-03
517232,22704,WRAP RED APPLES ,25,0.42,14911.0,EIRE,2026-01-03
517232,22705,WRAP GREEN PEARS ,25,0.42,14911.0,EIRE,2026-01-03
517232,22468,BABUSHKA LIGHTS STRING OF 10,2,6.75,14911.0,EIRE,2026-01-03
517233,21390,FILIGRIS HEART WITH BUTTERFLY,24,1.25,14334.0,United Kingdom,2026-01-03
517233,22227,"DECORATION, HANGING HEART+MIRROR ",24,0.65,14334.0,United Kingdom,2026-01-03
517233,22297,HEART IVORY TRELLIS SMALL,24,1.25,14334.0,United Kingdom,2026-01-03
517233,47556B,TEA TIME TEA TOWELS ,6,2.95,14334.0,United Kingdom,2026-01-03
517233,47597,NEW ENGLAND TEATOWELS,6,2.55,14334.0,United Kingdom,2026-01-03
517233,21983,PACK OF 12 BLUE PAISLEY TISSUES ,48,0.29,14334.0,United Kingdom,2026-01-03
517233,21985,PACK OF 12 HEARTS DESIGN TISSUES ,48,0.29,14334.0,United Kingdom,2026-01-03
517233,85163B,BLACK BAROQUE WALL CLOCK ,1,12.75,14334.0,United Kingdom,2026-01-03
517233,35241,ENAMEL BLUE RIM BISCUIT BIN,6,4.95,14334.0,United Kingdom,2026-01-03
517233,22457,NATURAL SLATE HEART CHALKBOARD ,6,2.95,14334.0,United Kingdom,2026-01-03
517233,22469,HEART OF WICKER SMALL,24,1.65,14334.0,United Kingdom,2026-01-03
517233,85049F,BABY BOOM RIBBONS ,12,1.25,14334.0,United Kingdom,2026-01-03
517233,85049G,CHOCOLATE BOX RIBBONS ,12,1.25,14334.0,United Kingdom,2026-01-03
517233,22077,6 RIBBONS RUSTIC CHARM,12,1.65,14334.0,United Kingdom,2026-01-03
517233,22528,GARDENERS KNEELING PAD,12,1.25,14334.0,United Kingdom,2026-01-03
517233,21523,DOORMAT FANCY FONT HOME SWEET HOME,2,7.49,14334.0,United Kingdom,2026-01-03
517233,48187,DOORMAT NEW ENGLAND,2,7.49,14334.0,United Kingdom,2026-01-03
517233,22171,3 HOOK PHOTO SHELF ANTIQUE WHITE,2,8.5,14334.0,United Kingdom,2026-01-03
517233,84945,MULTI COLOUR SILVER T-LIGHT HOLDER,24,0.85,14334.0,United Kingdom,2026-01-03
517233,85123A,WHITE HANGING HEART T-LIGHT HOLDER,12,2.95,14334.0,United Kingdom,2026-01-03
517233,85049C,ROMANTIC PINKS RIBBONS ,12,1.25,14334.0,United Kingdom,2026-01-03
C517234,22467,GUMBALL COAT RACK,-1,2.55,17841.0,United Kingdom,2026-01-03
C517234,21425,SKULLS STORAGE BOX LARGE,-1,2.95,17841.0,United Kingdom,2026-01-03
517235,22635,CHILDS BREAKFAST SET DOLLY GIRL ,1,9.95,12804.0,Netherlands,2026-01-03
517235,22634,CHILDS BREAKFAST SET SPACEBOY ,1,9.95,12804.0,Netherlands,2026-01-03
517235,21429,RED GINGHAM ROSE JEWELLERY BOX,4,1.65,12804.0,Netherlands,2026-01-03
517235,21431,GREEN GINGHAM FLOWER JEWELLERY BOX,4,1.65,12804.0,Netherlands,2026-01-03
517235,85185D,FROG SOCK PUPPET,1,2.95,12804.0,Netherlands,2026-01-03
517235,22273,FELTCRAFT DOLL MOLLY,1,2.95,12804.0,Netherlands,2026-01-03
517235,22274,FELTCRAFT DOLL EMILY,1,2.95,12804.0,Netherlands,2026-01-03
517235,22077,6 RIBBONS RUSTIC CHARM,4,1.65,12804.0,Netherlands,2026-01-03
517235,85185B,PINK HORSE SOCK PUPPET,1,2.95,12804.0,Netherlands,2026-01-03
517235,20996,JAZZ HEARTS ADDRESS BOOK,2,0.42,12804.0,Netherlands,2026-01-03
517235,22629,SPACEBOY LUNCH BOX ,2,1.95,12804.0,Netherlands,2026-01-03
517235,21934,SKULL SHOULDER BAG,4,1.65,12804.0,Netherlands,2026-01-03
517235,21935,SUKI  SHOULDER BAG,5,1.65,12804.0,Netherlands,2026-01-03
517235,21731,RED TOADSTOOL LED NIGHT LIGHT,8,1.65,12804.0,Netherlands,2026-01-03
517235,20711,JUMBO BAG TOYS ,2,1.95,12804.0,Netherlands,2026-01-03
517235,84536A,ENGLISH ROSE NOTEBOOK A7 SIZE,3,0.42,12804.0,Netherlands,2026-01-03
517235,22551,PLASTERS IN TIN SPACEBOY,2,1.65,12804.0,Netherlands,2026-01-03
517235,22553,PLASTERS IN TIN SKULLS,2,1.65,12804.0,Netherlands,2026-01-03
517235,22555,PLASTERS IN TIN STRONGMAN,2,1.65,12804.0,Netherlands,2026-01-03
517235,22554,PLASTERS IN TIN WOODLAND ANIMALS,2,1.65,12804.0,Netherlands,2026-01-03
517235,22505,MEMO BOARD COTTAGE DESIGN,1,4.95,12804.0,Netherlands,2026-01-03
517235,22587,FELTCRAFT HAIRBAND RED AND BLUE,2,0.85,12804.0,Netherlands,2026-01-03
517235,21432,SET OF 3 CASES WOODLAND DESIGN,1,5.95,12804.0,Netherlands,2026-01-03
517235,22565,FELTCRAFT HAIRBANDS PINK AND WHITE ,2,0.85,12804.0,Netherlands,2026-01-03
517235,21452,TOADSTOOL MONEY BOX,2,2.95,12804.0,Netherlands,2026-01-03
517235,22566,FELTCRAFT HAIRBAND PINK AND PURPLE,3,0.85,12804.0,Netherlands,2026-01-03
517235,22531,MAGIC DRAWING SLATE CIRCUS PARADE  ,3,0.42,12804.0,Netherlands,2026-01-03
517235,22533,MAGIC DRAWING SLATE BAKE A CAKE ,2,0.42,12804.0,Netherlands,2026-01-03
517235,22532,MAGIC DRAWING SLATE LEAP FROG ,3,0.42,12804.0,Netherlands,2026-01-03
517235,22069,BROWN  PIRATE TREASURE CHEST ,2,1.65,12804.0,Netherlands,2026-01-03
517235,22644,CERAMIC CHERRY CAKE MONEY BANK,4,1.45,12804.0,Netherlands,2026-01-03
517235,22557,PLASTERS IN TIN VINTAGE PAISLEY ,2,1.65,12804.0,Netherlands,2026-01-03
517235,82615,PINK MARSHMALLOW SCARF KNITTING KIT,1,2.95,12804.0,Netherlands,2026-01-03
517235,82616A,BUBBLE GUM SCARF KNITTING KIT,1,2.95,12804.0,Netherlands,2026-01-03
517235,22533,MAGIC DRAWING SLATE BAKE A CAKE ,1,0.42,12804.0,Netherlands,2026-01-03
517235,21481,FAWN BLUE HOT WATER BOTTLE,2,2.95,12804.0,Netherlands,2026-01-03
517235,20702,PINK PADDED MOBILE,1,4.25,12804.0,Netherlands,2026-01-03
517235,22242,"HOOK, 5 HANGER , MAGIC TOADSTOOL",1,1.65,12804.0,Netherlands,2026-01-03
517235,20719,WOODLAND CHARLOTTE BAG,5,0.85,12804.0,Netherlands,2026-01-03
517235,22661,CHARLOTTE BAG DOLLY GIRL DESIGN,3,0.85,12804.0,Netherlands,2026-01-03
517235,22242,"HOOK, 5 HANGER , MAGIC TOADSTOOL",1,1.65,12804.0,Netherlands,2026-01-03
517235,20978,36 PENCILS TUBE SKULLS,2,1.25,12804.0,Netherlands,2026-01-03
517235,20979,36 PENCILS TUBE RED SPOTTY,2,1.25,12804.0,Netherlands,2026-01-03
517235,21452,TOADSTOOL MONEY BOX,1,2.95,12804.0,Netherlands,2026-01-03
517235,20703,BLUE PADDED SOFT MOBILE,1,4.25,12804.0,Netherlands,2026-01-03
517236,POST,POSTAGE,1,28.0,12547.0,Spain,2026-01-03
517236,21080,SET/20 RED SPOTTY PAPER NAPKINS ,12,0.85,12547.0,Spain,2026-01-03
517236,21094,SET/6 RED SPOTTY PAPER PLATES,12,0.85,12547.0,Spain,2026-01-03
517236,21704,BAG 250g SWIRLY MARBLES,12,0.85,12547.0,Spain,2026-01-03
517236,84992,72 SWEETHEART FAIRY CAKE CASES,24,0.55,12547.0,Spain,2026-01-03
517236,21976,PACK OF 60 MUSHROOM CAKE CASES,24,0.55,12547.0,Spain,2026-01-03
517236,22620,4 TRADITIONAL SPINNING TOPS,12,1.25,12547.0,Spain,2026-01-03
517236,22127,PARTY CONES CARNIVAL ASSORTED,12,1.25,12547.0,Spain,2026-01-03
517236,22583,PACK OF 6 HANDBAG GIFT BOXES,6,2.55,12547.0,Spain,2026-01-03
517236,22489,PACK OF 12 TRADITIONAL CRAYONS,24,0.42,12547.0,Spain,2026-01-03
517236,22133,PINK LOVE HEART SHAPE CUP,12,0.85,12547.0,Spain,2026-01-03
517236,22132,RED LOVE HEART SHAPE CUP,12,0.85,12547.0,Spain,2026-01-03
517236,22128,PARTY CONES CANDY ASSORTED,12,1.25,12547.0,Spain,2026-01-03
517237,22421,LIPSTICK PEN FUSCHIA,12,0.42,15062.0,United Kingdom,2026-01-03
517237,85099C,JUMBO  BAG BAROQUE BLACK WHITE,10,1.95,15062.0,United Kingdom,2026-01-03
517237,20711,JUMBO BAG TOYS ,10,1.95,15062.0,United Kingdom,2026-01-03
517237,22313,OFFICE MUG WARMER PINK,2,4.95,15062.0,United Kingdom,2026-01-03
517237,22377,BOTTLE BAG RETROSPOT ,10,2.1,15062.0,United Kingdom,2026-01-03
517237,21137,BLACK RECORD COVER FRAME,4,3.75,15062.0,United Kingdom,2026-01-03
517237,85099B,JUMBO BAG RED RETROSPOT,10,1.95,15062.0,United Kingdom,2026-01-03
517237,22379,RECYCLING BAG RETROSPOT ,5,2.1,15062.0,United Kingdom,2026-01-03
517237,22311,OFFICE MUG WARMER BLACK+SILVER ,2,4.95,15062.0,United Kingdom,2026-01-03
517238,17039,INLAID WOOD INCENSE HOLDER,3,0.29,17841.0,United Kingdom,2026-01-03
517238,72349B,SET/6 PURPLE BUTTERFLY T-LIGHTS,2,2.1,17841.0,United Kingdom,2026-01-03
517238,85231G,ORANGE SCENTED SET/9 T-LIGHTS,1,0.85,17841.0,United Kingdom,2026-01-03
517238,21125,SET 6 FOOTBALL CELEBRATION CANDLES,1,1.25,17841.0,United Kingdom,2026-01-03
517238,21126,SET OF 6 GIRLS CELEBRATION CANDLES,1,1.25,17841.0,United Kingdom,2026-01-03
517238,84380,SET OF 3 BUTTERFLY COOKIE CUTTERS,2,1.25,17841.0,United Kingdom,2026-01-03
517238,21867,PINK UNION JACK  LUGGAGE TAG,1,1.25,17841.0,United Kingdom,2026-01-03
517238,20616,CHERRY BLOSSOM PASSPORT COVER,1,2.1,17841.0,United Kingdom,2026-01-03
517238,20653,CHERRY BLOSSOM LUGGAGE TAG,1,1.25,17841.0,United Kingdom,2026-01-03
517238,20615,BLUE SPOTTY PASSPORT COVER,1,2.1,17841.0,United Kingdom,2026-01-03
517238,85039A,SET/4 RED MINI ROSE CANDLE IN BOWL,1,1.65,17841.0,United Kingdom,2026-01-03
517238,20658,RED SPOTTY LUGGAGE TAG,1,1.25,17841.0,United Kingdom,2026-01-03
517238,20618,QUEEN OF THE SKIES PASSPORT COVER ,1,2.1,17841.0,United Kingdom,2026-01-03
517238,22222,CAKE PLATE LOVEBIRD WHITE,2,4.95,17841.0,United Kingdom,2026-01-03
517238,22502,PICNIC BASKET WICKER SMALL,5,4.25,17841.0,United Kingdom,2026-01-03
517238,22064,PINK DOUGHNUT TRINKET POT ,2,1.65,17841.0,United Kingdom,2026-01-03
517238,22067,CHOC TRUFFLE GOLD TRINKET POT ,1,1.65,17841.0,United Kingdom,2026-01-03
517238,20850,ZINC HEART LATTICE PLANTER BOWL,2,2.95,17841.0,United Kingdom,2026-01-03
517238,20652,BLUE SPOTTY LUGGAGE TAG ,1,1.25,17841.0,United Kingdom,2026-01-03
517238,85039B,S/4 IVORY MINI ROSE CANDLE IN BOWL,1,1.65,17841.0,United Kingdom,2026-01-03
517238,20941,FROG CANDLE,1,1.25,17841.0,United Kingdom,2026-01-03
517238,22087,PAPER BUNTING WHITE LACE,3,2.95,17841.0,United Kingdom,2026-01-03
517238,22218,CAKE STAND LACE WHITE,1,4.25,17841.0,United Kingdom,2026-01-03
517238,85049A,TRADITIONAL CHRISTMAS RIBBONS,3,1.25,17841.0,United Kingdom,2026-01-03
517238,22088,PAPER BUNTING COLOURED LACE,3,2.95,17841.0,United Kingdom,2026-01-03
517238,22617,BAKING SET SPACEBOY DESIGN,1,4.95,17841.0,United Kingdom,2026-01-03
517238,22138,BAKING SET 9 PIECE RETROSPOT ,1,4.95,17841.0,United Kingdom,2026-01-03
517238,21494,ROTATING LEAVES T-LIGHT HOLDER,1,1.25,17841.0,United Kingdom,2026-01-03
517238,21843,RED RETROSPOT CAKE STAND,1,10.95,17841.0,United Kingdom,2026-01-03
517238,47502,POLKADOT CUTLERY 24 PCS IN TRAY,1,12.75,17841.0,United Kingdom,2026-01-03
517238,85166B,BLACK METAL BAROQUE PHOTO FRAME,1,3.75,17841.0,United Kingdom,2026-01-03
517238,22273,FELTCRAFT DOLL MOLLY,1,2.95,17841.0,United Kingdom,2026-01-03
517238,82567,"AIRLINE LOUNGE,METAL SIGN",1,2.1,17841.0,United Kingdom,2026-01-03
517238,22322,BIRD DECORATION GREEN  SPOT,4,0.85,17841.0,United Kingdom,2026-01-03
517238,85185C,COW  SOCK PUPPET,1,2.95,17841.0,United Kingdom,2026-01-03
517238,22568,FELTCRAFT CUSHION OWL,1,3.75,17841.0,United Kingdom,2026-01-03
517238,21891,TRADITIONAL WOODEN SKIPPING ROPE,1,1.25,17841.0,United Kingdom,2026-01-03
517238,84899F,YELLOW PURPLE DAISY FELT PURSE KIT,1,1.25,17841.0,United Kingdom,2026-01-03
517238,21866,UNION JACK FLAG LUGGAGE TAG,1,1.25,17841.0,United Kingdom,2026-01-03
517238,21883,STARS GIFT TAPE ,12,0.65,17841.0,United Kingdom,2026-01-03
517238,15044C,PURPLE PAPER PARASOL,1,2.95,17841.0,United Kingdom,2026-01-03
517238,85039C,S/4 BLACK MINI ROSE CANDLE IN BOWL,1,1.65,17841.0,United Kingdom,2026-01-03
517238,22379,RECYCLING BAG RETROSPOT ,1,2.1,17841.0,United Kingdom,2026-01-03
517238,20657,TROPICAL LUGGAGE TAG,1,1.25,17841.0,United Kingdom,2026-01-03
517238,22386,JUMBO BAG PINK WITH WHITE SPOTS,2,1.95,17841.0,United Kingdom,2026-01-03
517238,22272,FELTCRAFT DOLL MARIA,1,2.95,17841.0,United Kingdom,2026-01-03
517238,22570,FELTCRAFT CUSHION RABBIT,1,3.75,17841.0,United Kingdom,2026-01-03
517238,22569,FELTCRAFT CUSHION BUTTERFLY,1,3.75,17841.0,United Kingdom,2026-01-03
517238,21830,ASSORTED CREEPY CRAWLIES,24,0.42,17841.0,United Kingdom,2026-01-03
517238,21218,RED SPOTTY BISCUIT TIN,1,3.75,17841.0,United Kingdom,2026-01-03
517238,84688,BEACH HUT DESIGN BLACKBOARD,1,4.25,17841.0,United Kingdom,2026-01-03
517238,22183,CAKE STAND VICTORIAN FILIGREE MED,1,6.75,17841.0,United Kingdom,2026-01-03
517238,22380,TOY TIDY SPACEBOY  ,1,2.1,17841.0,United Kingdom,2026-01-03
517238,22379,RECYCLING BAG RETROSPOT ,1,2.1,17841.0,United Kingdom,2026-01-03
517238,22381,TOY TIDY PINK RETROSPOT  ,1,2.1,17841.0,United Kingdom,2026-01-03
517238,22377,BOTTLE BAG RETROSPOT ,1,2.1,17841.0,United Kingdom,2026-01-03
517238,72351B,SET/6 PINK  BUTTERFLY T-LIGHTS,2,2.1,17841.0,United Kingdom,2026-01-03
517238,22616,PACK OF 12 LONDON TISSUES ,12,0.29,17841.0,United Kingdom,2026-01-03
517238,84997B,RED 3 PIECE MINI DOTS CUTLERY SET,1,3.75,17841.0,United Kingdom,2026-01-03
517238,22366,DOORMAT AIRMAIL ,2,7.49,17841.0,United Kingdom,2026-01-03
517238,22449,SILK PURSE RUSSIAN DOLL PINK,1,3.35,17841.0,United Kingdom,2026-01-03
517238,22200,FRYING PAN PINK POLKADOT ,2,4.25,17841.0,United Kingdom,2026-01-03
517238,20654,FIRST CLASS LUGGAGE TAG ,1,1.25,17841.0,United Kingdom,2026-01-03
517238,21243,PINK  SPOTTY PLATE ,2,1.69,17841.0,United Kingdom,2026-01-03
517238,21239,PINK  SPOTTY CUP,5,0.85,17841.0,United Kingdom,2026-01-03
517238,22271,FELTCRAFT DOLL ROSIE,1,2.95,17841.0,United Kingdom,2026-01-03
517238,72351A,SET/6 TURQUOISE BUTTERFLY T-LIGHTS,2,2.1,17841.0,United Kingdom,2026-01-03
517238,84997C,BLUE 3 PIECE MINI DOTS CUTLERY SET,1,3.75,17841.0,United Kingdom,2026-01-03
517238,85185D,FROG SOCK PUPPET,1,2.95,17841.0,United Kingdom,2026-01-03
517238,85099B,JUMBO BAG RED RETROSPOT,2,1.95,17841.0,United Kingdom,2026-01-03
517238,21259,VICTORIAN SEWING BOX SMALL ,1,5.95,17841.0,United Kingdom,2026-01-03
517238,22662,LUNCH BAG DOLLY GIRL DESIGN,4,1.65,17841.0,United Kingdom,2026-01-03
517238,22588,CARD HOLDER GINGHAM HEART,2,2.55,17841.0,United Kingdom,2026-01-03
517238,21935,SUKI  SHOULDER BAG,10,1.65,17841.0,United Kingdom,2026-01-03
517238,22661,CHARLOTTE BAG DOLLY GIRL DESIGN,6,0.85,17841.0,United Kingdom,2026-01-03
517238,22664,TOY TIDY DOLLY GIRL DESIGN,1,2.1,17841.0,United Kingdom,2026-01-03
517238,21931,JUMBO STORAGE BAG SUKI,2,1.95,17841.0,United Kingdom,2026-01-03
517238,84898F,YELLOW FLOWERS FELT HANDBAG KIT,2,2.1,17841.0,United Kingdom,2026-01-03
517238,22663,JUMBO BAG DOLLY GIRL DESIGN,3,1.95,17841.0,United Kingdom,2026-01-03
517238,21336,GOLD WASHBAG,1,2.95,17841.0,United Kingdom,2026-01-03
517238,21035,SET/2 RED SPOTTY TEA TOWELS ,3,2.95,17841.0,United Kingdom,2026-01-03
517238,82616C,MIDNIGHT GLAMOUR SCARF KNITTING KIT,1,2.95,17841.0,United Kingdom,2026-01-03
517238,82615,PINK MARSHMALLOW SCARF KNITTING KIT,1,2.95,17841.0,United Kingdom,2026-01-03
517238,79160,HEART SHAPE WIRELESS DOORBELL,1,2.1,17841.0,United Kingdom,2026-01-03
517238,22087,PAPER BUNTING WHITE LACE,1,2.95,17841.0,United Kingdom,2026-01-03
517238,85098B,BLUE FLYING SINGING CANARY,1,3.75,17841.0,United Kingdom,2026-01-03
517238,82616A,BUBBLE GUM SCARF KNITTING KIT,1,2.95,17841.0,United Kingdom,2026-01-03
517239,22178,VICTORIAN GLASS HANGING T-LIGHT,6,1.25,15373.0,United Kingdom,2026-01-03
517239,15056N,EDWARDIAN PARASOL NATURAL,3,5.95,15373.0,United Kingdom,2026-01-03
517239,22151,PLACE SETTING WHITE HEART,12,0.42,15373.0,United Kingdom,2026-01-03
517239,21199,PINK  HEART CONFETTI IN TUBE,1,1.65,15373.0,United Kingdom,2026-01-03
517239,21198,WHITE HEART CONFETTI IN TUBE,1,1.65,15373.0,United Kingdom,2026-01-03
517239,21622,VINTAGE UNION JACK CUSHION COVER,2,4.95,15373.0,United Kingdom,2026-01-03
517239,22423,REGENCY CAKESTAND 3 TIER,3,12.75,15373.0,United Kingdom,2026-01-03
517239,85062,PEARL CRYSTAL PUMPKIN T-LIGHT HLDR,6,1.65,15373.0,United Kingdom,2026-01-03
517239,84978,HANGING HEART JAR T-LIGHT HOLDER,6,1.25,15373.0,United Kingdom,2026-01-03
517239,21447,12 IVORY ROSE PEG PLACE SETTINGS,2,1.25,15373.0,United Kingdom,2026-01-03
517239,21955,DOORMAT UNION JACK GUNS AND ROSES,2,7.49,15373.0,United Kingdom,2026-01-03
517239,21523,DOORMAT FANCY FONT HOME SWEET HOME,1,7.49,15373.0,United Kingdom,2026-01-03
517239,21625,VINTAGE UNION JACK APRON,2,6.95,15373.0,United Kingdom,2026-01-03
517239,22090,PAPER BUNTING RETRO SPOTS,6,2.95,15373.0,United Kingdom,2026-01-03
517239,22087,PAPER BUNTING WHITE LACE,2,2.95,15373.0,United Kingdom,2026-01-03
517239,21445,12 PINK ROSE PEG PLACE SETTINGS,2,1.25,15373.0,United Kingdom,2026-01-03
517239,22131,FOOD CONTAINER SET 3 LOVE HEART ,2,1.95,15373.0,United Kingdom,2026-01-03
517239,21422,PORCELAIN ROSE SMALL,8,0.85,15373.0,United Kingdom,2026-01-03
517239,21843,RED RETROSPOT CAKE STAND,2,10.95,15373.0,United Kingdom,2026-01-03
517240,21770,OPEN CLOSED METAL SIGN,2,4.95,15306.0,United Kingdom,2026-01-03
517241,22488,NATURAL SLATE RECTANGLE CHALKBOARD,6,1.65,,France,2026-01-03
517241,22625,RED KITCHEN SCALES,1,8.5,,France,2026-01-03
517241,22596,CHRISTMAS STAR WISH LIST CHALKBOARD,12,0.85,,France,2026-01-03
517241,21009,ETCHED GLASS STAR TREE DECORATION,6,1.25,,France,2026-01-03
517241,21143,ANTIQUE GLASS HEART DECORATION ,12,1.95,,France,2026-01-03
517241,22185,SLATE TILE NATURAL HANGING,6,1.65,,France,2026-01-03
517241,21034,REX CASH+CARRY JUMBO SHOPPER,1,0.95,,France,2026-01-03
517241,21134,VICTORIAN METAL POSTCARD CHRISTMAS,16,1.65,,France,2026-01-03
517241,22082,RIBBON REEL STRIPES DESIGN ,5,1.65,,France,2026-01-03
517241,22597,CHRISTMAS MUSICAL ZINC HEART ,16,0.85,,France,2026-01-03
517241,16016,LARGE CHINESE STYLE SCISSOR,7,0.85,,France,2026-01-03
517241,16014,SMALL CHINESE STYLE SCISSOR,1,0.42,,France,2026-01-03
517241,21135,VICTORIAN  METAL POSTCARD SPRING,8,1.69,,France,2026-01-03
517243,22423,REGENCY CAKESTAND 3 TIER,2,12.75,15827.0,United Kingdom,2026-01-03
517243,22215,CAKE STAND WHITE TWO TIER LACE,2,8.5,15827.0,United Kingdom,2026-01-03
517243,21843,RED RETROSPOT CAKE STAND,2,10.95,15827.0,United Kingdom,2026-01-03
517243,37503,TEA TIME CAKE STAND IN GIFT BOX,2,10.75,15827.0,United Kingdom,2026-01-03
517243,22060,LARGE CAKE STAND HANGING HEARTS,2,9.95,15827.0,United Kingdom,2026-01-03
517243,37449,CERAMIC CAKE STAND + HANGING CAKES,2,9.95,15827.0,United Kingdom,2026-01-03
517242,21067,VINTAGE RED TEATIME MUG,432,0.8,18102.0,United Kingdom,2026-01-03
517242,21877,HOME SWEET HOME MUG,432,0.8,18102.0,United Kingdom,2026-01-03
517242,21069,VINTAGE BILLBOARD TEA MUG,432,0.8,18102.0,United Kingdom,2026-01-03
517242,22302,COFFEE MUG PEARS  DESIGN,400,1.47,18102.0,United Kingdom,2026-01-03
517242,21872,GLAMOROUS  MUG,432,0.85,18102.0,United Kingdom,2026-01-03
517243,22061,LARGE CAKE STAND  HANGING STRAWBERY,2,9.95,15827.0,United Kingdom,2026-01-03
C517244,37495,FAIRY CAKE BIRTHDAY CANDLE SET,-1,3.75,15306.0,United Kingdom,2026-01-03
C517245,21232,STRAWBERRY CERAMIC TRINKET BOX,-4,1.25,12421.0,Spain,2026-01-03
517246,84839,SWEETHEART KEY CABINET,2,6.75,16835.0,United Kingdom,2026-01-03
517246,21955,DOORMAT UNION JACK GUNS AND ROSES,4,7.49,16835.0,United Kingdom,2026-01-03
517246,22667,RECIPE BOX RETRO SPOT DESIGN,6,2.95,16835.0,United Kingdom,2026-01-03
517246,85064,CREAM SWEETHEART LETTER RACK,2,5.45,16835.0,United Kingdom,2026-01-03
517246,21115,ROSE CARAVAN DOORSTOP,2,6.75,16835.0,United Kingdom,2026-01-03
517246,20914,SET/5 RED SPOTTY LID GLASS BOWLS,6,2.95,16835.0,United Kingdom,2026-01-03
517246,72807C,SET/3 VANILLA SCENTED CANDLE IN BOX,4,4.25,16835.0,United Kingdom,2026-01-03
517246,21361,LOVE LARGE WOOD LETTERS ,2,12.75,16835.0,United Kingdom,2026-01-03
517246,22352,LUNCH BOX WITH CUTLERY RETROSPOT ,6,2.55,16835.0,United Kingdom,2026-01-03
517246,21259,VICTORIAN SEWING BOX SMALL ,2,5.95,16835.0,United Kingdom,2026-01-03
517246,21472,LADYBIRD + BEE RAFFIA FOOD COVER,6,3.75,16835.0,United Kingdom,2026-01-03
517246,21524,DOORMAT SPOTTY HOME SWEET HOME,4,7.49,16835.0,United Kingdom,2026-01-03
517246,22485,SET OF 2 WOODEN MARKET CRATES,6,12.75,16835.0,United Kingdom,2026-01-03
517246,79029,GLASS HONEYPOT WASP CATCHER,6,1.95,16835.0,United Kingdom,2026-01-03
517246,22353,LUNCH BOX WITH CUTLERY FAIRY CAKES ,6,2.55,16835.0,United Kingdom,2026-01-03
517247,20914,SET/5 RED SPOTTY LID GLASS BOWLS,66,2.55,17281.0,United Kingdom,2026-01-03
517249,22161,HEART DECORATION RUSTIC HANGING ,24,0.65,15222.0,United Kingdom,2026-01-03
517249,85061W,WHITE JEWELLED HEART DECORATION,24,0.85,15222.0,United Kingdom,2026-01-03
517248,21407,BROWN CHECK CAT DOORSTOP ,1,4.25,,United Kingdom,2026-01-03
517248,20970,PINK FLORAL FELTCRAFT SHOULDER BAG,1,3.75,,United Kingdom,2026-01-03
517248,21846,PINK DIAMANTE PEN IN GIFT BOX,1,4.95,,United Kingdom,2026-01-03
517248,22565,FELTCRAFT HAIRBANDS PINK AND WHITE ,1,0.85,,United Kingdom,2026-01-03
517248,22620,4 TRADITIONAL SPINNING TOPS,1,1.25,,United Kingdom,2026-01-03
517249,22143,CHRISTMAS CRAFT HEART DECORATIONS,6,2.1,15222.0,United Kingdom,2026-01-03
517248,90088,CRYSTAL KEY+LOCK PHONE CHARM,1,0.85,,United Kingdom,2026-01-03
517248,22210,WOOD STAMP SET BEST WISHES,1,1.65,,United Kingdom,2026-01-03
517248,22569,FELTCRAFT CUSHION BUTTERFLY,1,3.75,,United Kingdom,2026-01-03
517249,21385,IVORY HANGING DECORATION  HEART,24,0.85,15222.0,United Kingdom,2026-01-03
517249,22297,HEART IVORY TRELLIS SMALL,24,1.25,15222.0,United Kingdom,2026-01-03
517249,22355,CHARLOTTE BAG SUKI DESIGN,10,0.85,15222.0,United Kingdom,2026-01-03
517249,22294,HEART FILIGREE DOVE  SMALL,24,1.25,15222.0,United Kingdom,2026-01-03
517249,84836,ZINC METAL HEART DECORATION,12,1.25,15222.0,United Kingdom,2026-01-03
517249,22469,HEART OF WICKER SMALL,24,1.65,15222.0,United Kingdom,2026-01-03
517249,22577,WOODEN HEART CHRISTMAS SCANDINAVIAN,12,0.85,15222.0,United Kingdom,2026-01-03
517249,22602,CHRISTMAS RETROSPOT HEART WOOD,12,0.85,15222.0,United Kingdom,2026-01-03
517249,22595,CHRISTMAS GINGHAM HEART,24,0.85,15222.0,United Kingdom,2026-01-03
517249,22667,RECIPE BOX RETRO SPOT DESIGN,6,2.95,15222.0,United Kingdom,2026-01-03
517249,22661,CHARLOTTE BAG DOLLY GIRL DESIGN,10,0.85,15222.0,United Kingdom,2026-01-03
517249,22156,HEART DECORATION WITH PEARLS ,24,0.85,15222.0,United Kingdom,2026-01-03
517249,22415,WHITE TISSUE REAM,1,7.95,15222.0,United Kingdom,2026-01-03
517249,21935,SUKI  SHOULDER BAG,10,1.65,15222.0,United Kingdom,2026-01-03
517250,22691,DOORMAT WELCOME SUNRISE,140,4.58,18102.0,United Kingdom,2026-01-03
517250,22692,DOORMAT WELCOME TO OUR HOME,140,4.58,18102.0,United Kingdom,2026-01-03
517250,22660,DOORMAT I LOVE LONDON,220,4.58,18102.0,United Kingdom,2026-01-03
517250,22690,DOORMAT HOME SWEET HOME BLUE ,220,4.58,18102.0,United Kingdom,2026-01-03
517251,22218,CAKE STAND LACE WHITE,3,4.25,13305.0,United Kingdom,2026-01-03
517251,22215,CAKE STAND WHITE TWO TIER LACE,2,8.5,13305.0,United Kingdom,2026-01-03
517251,22423,REGENCY CAKESTAND 3 TIER,1,12.75,13305.0,United Kingdom,2026-01-03
517251,21210,SET OF 72 RETRO SPOT PAPER  DOILIES,12,1.45,13305.0,United Kingdom,2026-01-03
517251,21215,IVORY PAPER CUP CAKE CASES ,24,0.55,13305.0,United Kingdom,2026-01-03
517251,84989A,75 GREEN FAIRY CAKE CASES,24,0.55,13305.0,United Kingdom,2026-01-03
517251,22417,PACK OF 60 SPACEBOY CAKE CASES,24,0.55,13305.0,United Kingdom,2026-01-03
517251,72741,GRAND CHOCOLATECANDLE,9,1.45,13305.0,United Kingdom,2026-01-03
517251,21126,SET OF 6 GIRLS CELEBRATION CANDLES,12,1.25,13305.0,United Kingdom,2026-01-03
517251,21125,SET 6 FOOTBALL CELEBRATION CANDLES,12,1.25,13305.0,United Kingdom,2026-01-03
517251,22236,CAKE STAND 3 TIER MAGIC GARDEN,1,12.75,13305.0,United Kingdom,2026-01-03
517251,47591D,PINK FAIRY CAKE CHILDRENS APRON,8,1.95,13305.0,United Kingdom,2026-01-03
517251,22649,STRAWBERRY FAIRY CAKE TEAPOT,8,4.95,13305.0,United Kingdom,2026-01-03
517251,22061,LARGE CAKE STAND  HANGING STRAWBERY,2,9.95,13305.0,United Kingdom,2026-01-03
517251,22220,CAKE STAND LOVEBIRD 2 TIER WHITE,2,9.95,13305.0,United Kingdom,2026-01-03
517251,22221,CAKE STAND LOVEBIRD 2 TIER PINK,2,9.95,13305.0,United Kingdom,2026-01-03
517251,22138,BAKING SET 9 PIECE RETROSPOT ,3,4.95,13305.0,United Kingdom,2026-01-03
517251,84378,SET OF 3 HEART COOKIE CUTTERS,12,1.25,13305.0,United Kingdom,2026-01-03
517251,84375,SET OF 20 KIDS COOKIE CUTTERS,12,1.95,13305.0,United Kingdom,2026-01-03
517251,22060,LARGE CAKE STAND HANGING HEARTS,2,9.95,13305.0,United Kingdom,2026-01-03
517251,37450,CERAMIC CAKE BOWL + HANGING CAKES,6,2.95,13305.0,United Kingdom,2026-01-03
517251,37449,CERAMIC CAKE STAND + HANGING CAKES,2,9.95,13305.0,United Kingdom,2026-01-03
517251,37448,CERAMIC CAKE DESIGN SPOTTED MUG,12,1.49,13305.0,United Kingdom,2026-01-03
517251,37447,CERAMIC CAKE DESIGN SPOTTED PLATE,12,1.49,13305.0,United Kingdom,2026-01-03
517251,37495,FAIRY CAKE BIRTHDAY CANDLE SET,4,3.75,13305.0,United Kingdom,2026-01-03
517251,22055,MINI CAKE STAND  HANGING STRAWBERY,8,1.65,13305.0,United Kingdom,2026-01-03
517251,21078,SET/20 STRAWBERRY PAPER NAPKINS ,12,0.85,13305.0,United Kingdom,2026-01-03
517251,21217,RED SPOTTY ROUND CAKE TINS,1,9.95,13305.0,United Kingdom,2026-01-03
517251,21156,RETROSPOT CHILDRENS APRON,8,1.95,13305.0,United Kingdom,2026-01-03
517251,21843,RED RETROSPOT CAKE STAND,1,10.95,13305.0,United Kingdom,2026-01-03
517251,21667,GLASS CAKE COVER AND PLATE,1,16.95,13305.0,United Kingdom,2026-01-03
517251,84380,SET OF 3 BUTTERFLY COOKIE CUTTERS,12,1.25,13305.0,United Kingdom,2026-01-03
517251,15060B,FAIRY CAKE DESIGN UMBRELLA,4,3.75,13305.0,United Kingdom,2026-01-03
517252,22413,METAL SIGN TAKE IT OR LEAVE IT ,1,2.95,12637.0,France,2026-01-03
517252,22090,PAPER BUNTING RETRO SPOTS,1,2.95,12637.0,France,2026-01-03
517252,22088,PAPER BUNTING COLOURED LACE,2,2.95,12637.0,France,2026-01-03
517252,22628,PICNIC BOXES SET OF 3 RETROSPOT ,2,4.95,12637.0,France,2026-01-03
517252,22329,ROUND CONTAINER SET OF 5 RETROSPOT,1,1.65,12637.0,France,2026-01-03
517252,22197,SMALL POPCORN HOLDER,4,0.85,12637.0,France,2026-01-03
517252,47559B,TEA TIME OVEN GLOVE,2,1.25,12637.0,France,2026-01-03
517252,22567,20 DOLLY PEGS RETROSPOT,3,1.25,12637.0,France,2026-01-03
517252,22417,PACK OF 60 SPACEBOY CAKE CASES,1,0.55,12637.0,France,2026-01-03
517252,21212,PACK OF 72 RETRO SPOT CAKE CASES,1,0.55,12637.0,France,2026-01-03
517252,21213,PACK OF 72 SKULL CAKE CASES,1,0.55,12637.0,France,2026-01-03
517252,21908,CHOCOLATE THIS WAY METAL SIGN,2,2.1,12637.0,France,2026-01-03
517252,22352,LUNCH BOX WITH CUTLERY RETROSPOT ,3,2.55,12637.0,France,2026-01-03
517252,79320,FLAMINGO LIGHTS,2,4.95,12637.0,France,2026-01-03
517252,22432,WATERING CAN PINK BUNNY,1,1.95,12637.0,France,2026-01-03
517252,21576,LETS GO SHOPPING COTTON TOTE BAG,3,2.25,12637.0,France,2026-01-03
517252,21578,WOODLAND DESIGN  COTTON TOTE BAG,3,2.25,12637.0,France,2026-01-03
517252,47556B,TEA TIME TEA TOWELS ,3,2.95,12637.0,France,2026-01-03
517252,21210,SET OF 72 RETRO SPOT PAPER  DOILIES,3,1.45,12637.0,France,2026-01-03
517252,84987,SET OF 36 TEATIME PAPER DOILIES,3,1.45,12637.0,France,2026-01-03
517252,20754,RETRO RED SPOTTY WASHING UP GLOVES,3,2.1,12637.0,France,2026-01-03
517252,22661,CHARLOTTE BAG DOLLY GIRL DESIGN,3,0.85,12637.0,France,2026-01-03
517252,21791,VINTAGE HEADS AND TAILS CARD GAME ,3,1.25,12637.0,France,2026-01-03
517252,21542,WOODLAND WATER TRANSFER TATTOOS ,2,0.85,12637.0,France,2026-01-03
517252,22556,PLASTERS IN TIN CIRCUS PARADE ,2,1.65,12637.0,France,2026-01-03
517252,22664,TOY TIDY DOLLY GIRL DESIGN,1,2.1,12637.0,France,2026-01-03
517252,22663,JUMBO BAG DOLLY GIRL DESIGN,3,1.95,12637.0,France,2026-01-03
517252,20724,RED SPOTTY CHARLOTTE BAG,2,0.85,12637.0,France,2026-01-03
517252,22326,ROUND SNACK BOXES SET OF4 WOODLAND ,2,2.95,12637.0,France,2026-01-03
517252,21577,SAVE THE PLANET COTTON TOTE BAG,2,2.25,12637.0,France,2026-01-03
517252,22417,PACK OF 60 SPACEBOY CAKE CASES,1,0.55,12637.0,France,2026-01-03
517252,22494,EMERGENCY FIRST AID TIN ,2,1.25,12637.0,France,2026-01-03
517252,21212,PACK OF 72 RETRO SPOT CAKE CASES,2,0.55,12637.0,France,2026-01-03
517252,21213,PACK OF 72 SKULL CAKE CASES,1,0.55,12637.0,France,2026-01-03
517252,21232,STRAWBERRY CERAMIC TRINKET BOX,2,1.25,12637.0,France,2026-01-03
517252,21154,RED SPOTTY OVEN GLOVE ,2,1.25,12637.0,France,2026-01-03
517252,21039,RED SPOTTY SHOPPING BAG,2,2.55,12637.0,France,2026-01-03
517252,21035,SET/2 RED SPOTTY TEA TOWELS ,2,2.95,12637.0,France,2026-01-03
517252,22652,TRAVEL SEWING KIT,3,1.65,12637.0,France,2026-01-03
517252,22555,PLASTERS IN TIN STRONGMAN,2,1.65,12637.0,France,2026-01-03
517252,22553,PLASTERS IN TIN SKULLS,2,1.65,12637.0,France,2026-01-03
517252,20725,LUNCH BAG RED SPOTTY,3,1.65,12637.0,France,2026-01-03
517252,20716,PARTY FOOD SHOPPER BAG,3,1.25,12637.0,France,2026-01-03
517252,21936,RED RETROSPOT PICNIC BAG,1,2.95,12637.0,France,2026-01-03
517252,22378,WALL TIDY RETROSPOT ,1,2.1,12637.0,France,2026-01-03
517252,21936,RED RETROSPOT PICNIC BAG,1,2.95,12637.0,France,2026-01-03
517252,20719,WOODLAND CHARLOTTE BAG,1,0.85,12637.0,France,2026-01-03
517252,22254,FELT TOADSTOOL LARGE,3,1.25,12637.0,France,2026-01-03
517252,20724,RED SPOTTY CHARLOTTE BAG,1,0.85,12637.0,France,2026-01-03
517252,22548,HEADS AND TAILS SPORTING FUN,1,1.25,12637.0,France,2026-01-03
517252,20718,RED SPOTTY SHOPPER BAG,2,1.25,12637.0,France,2026-01-03
517252,21213,PACK OF 72 SKULL CAKE CASES,1,0.55,12637.0,France,2026-01-03
517252,22629,SPACEBOY LUNCH BOX ,1,1.95,12637.0,France,2026-01-03
517252,22549,PICTURE DOMINOES,1,1.45,12637.0,France,2026-01-03
517252,22659,LUNCH BOX I LOVE LONDON,3,1.95,12637.0,France,2026-01-03
517252,22549,PICTURE DOMINOES,1,1.45,12637.0,France,2026-01-03
517252,22631,CIRCUS PARADE LUNCH BOX ,2,1.95,12637.0,France,2026-01-03
517252,21232,STRAWBERRY CERAMIC TRINKET BOX,1,1.25,12637.0,France,2026-01-03
517252,22353,LUNCH BOX WITH CUTLERY FAIRY CAKES ,1,2.55,12637.0,France,2026-01-03
517252,20719,WOODLAND CHARLOTTE BAG,1,0.85,12637.0,France,2026-01-03
517252,22471,TV DINNER TRAY AIR HOSTESS ,1,4.95,12637.0,France,2026-01-03
517252,22664,TOY TIDY DOLLY GIRL DESIGN,1,2.1,12637.0,France,2026-01-03
517252,22630,DOLLY GIRL LUNCH BOX,2,1.95,12637.0,France,2026-01-03
517253,21843,RED RETROSPOT CAKE STAND,120,7.46,18102.0,United Kingdom,2026-01-03
517253,22221,CAKE STAND LOVEBIRD 2 TIER PINK,204,5.95,18102.0,United Kingdom,2026-01-03
517253,21527,RED RETROSPOT TRADITIONAL TEAPOT ,120,4.86,18102.0,United Kingdom,2026-01-03
517253,22056,CERAMIC PLATE LOVE HEART DESIGN,174,0.87,18102.0,United Kingdom,2026-01-03
517253,22057,CERAMIC PLATE STRAWBERRY DESIGN,240,0.87,18102.0,United Kingdom,2026-01-03
517253,37503,TEA TIME CAKE STAND IN GIFT BOX,120,7.46,18102.0,United Kingdom,2026-01-03
517254,84708B,PINK JEWELLED PHOTO FRAME ,1,4.95,15532.0,United Kingdom,2026-01-03
517254,21445,12 PINK ROSE PEG PLACE SETTINGS,1,1.25,15532.0,United Kingdom,2026-01-03
517254,22151,PLACE SETTING WHITE HEART,1,0.42,15532.0,United Kingdom,2026-01-03
517254,84673A,PINK FLY SWAT,1,0.65,15532.0,United Kingdom,2026-01-03
517254,21380,WOODEN HAPPY BIRTHDAY GARLAND,2,2.95,15532.0,United Kingdom,2026-01-03
517254,21381,MINI WOODEN HAPPY BIRTHDAY GARLAND,2,1.69,15532.0,United Kingdom,2026-01-03
517254,84990,60 GOLD AND SILVER FAIRY CAKE CASES,2,0.55,15532.0,United Kingdom,2026-01-03
517254,84380,SET OF 3 BUTTERFLY COOKIE CUTTERS,1,1.25,15532.0,United Kingdom,2026-01-03
517254,84378,SET OF 3 HEART COOKIE CUTTERS,1,1.25,15532.0,United Kingdom,2026-01-03
517254,85025C,PINK HEART SHAPE PHOTO FRAME,1,1.65,15532.0,United Kingdom,2026-01-03
517254,21109,"LARGE CAKE TOWEL, CHOCOLATE SPOTS",1,6.75,15532.0,United Kingdom,2026-01-03
517254,85039A,SET/4 RED MINI ROSE CANDLE IN BOWL,1,1.65,15532.0,United Kingdom,2026-01-03
517254,85039C,S/4 BLACK MINI ROSE CANDLE IN BOWL,1,1.65,15532.0,United Kingdom,2026-01-03
517254,21115,ROSE CARAVAN DOORSTOP,1,6.75,15532.0,United Kingdom,2026-01-03
517254,46138B,BLUE CHENILLE SHAGGY CUSHION COVER ,3,1.95,15532.0,United Kingdom,2026-01-03
517254,84913A,SOFT PINK ROSE TOWEL ,1,4.65,15532.0,United Kingdom,2026-01-03
517254,84915,HAND TOWEL PINK FLOWER AND DAISY,1,5.95,15532.0,United Kingdom,2026-01-03
517254,84916,HAND TOWEL PALE BLUE W FLOWERS,1,5.95,15532.0,United Kingdom,2026-01-03
517254,84912B,GREEN ROSE WASHBAG,1,3.75,15532.0,United Kingdom,2026-01-03
517254,22278,OVERNIGHT BAG VINTAGE ROSE PAISLEY,1,4.95,15532.0,United Kingdom,2026-01-03
517254,21446,12 RED ROSE PEG PLACE SETTINGS,1,1.25,15532.0,United Kingdom,2026-01-03
517254,85040B,SET/4 BLUE FLOWER CANDLES IN BOWL,1,1.65,15532.0,United Kingdom,2026-01-03
517254,20751,FUNKY WASHING UP GLOVES ASSORTED,1,2.1,15532.0,United Kingdom,2026-01-03
517254,21993,FLORAL FOLK STATIONERY SET,1,2.95,15532.0,United Kingdom,2026-01-03
517254,90198A,VINTAGE ROSE BEAD BRACELET RASPBERR,1,4.25,15532.0,United Kingdom,2026-01-03
517254,22667,RECIPE BOX RETRO SPOT DESIGN,1,2.95,15532.0,United Kingdom,2026-01-03
517254,15039,SANDALWOOD FAN,52,0.85,15532.0,United Kingdom,2026-01-03
517254,21326,AGED GLASS SILVER T-LIGHT HOLDER,48,0.65,15532.0,United Kingdom,2026-01-03
517254,22167,"WALL MIRROR , DIAMANTE OVAL SHAPE",2,9.95,15532.0,United Kingdom,2026-01-03
517254,90198B,VINTAGE ROSE BEAD BRACELET BLACK,1,4.25,15532.0,United Kingdom,2026-01-03
517254,90123B,TURQUOISE HEART OF GLASS BRACELET,1,5.95,15532.0,United Kingdom,2026-01-03
517254,21991,BOHEMIAN COLLAGE STATIONERY SET,1,2.95,15532.0,United Kingdom,2026-01-03
517254,90123A,PINK HEART OF GLASS BRACELET,1,5.95,15532.0,United Kingdom,2026-01-03
517254,90145,SILVER HOOP EARRINGS WITH FLOWER,1,5.95,15532.0,United Kingdom,2026-01-03
517254,90158,ST TROPEZ NECKLACE,1,4.95,15532.0,United Kingdom,2026-01-03
517254,21110,LARGE CAKE TOWEL PINK SPOTS,1,6.75,15532.0,United Kingdom,2026-01-03
517254,90157,RIVIERA NECKLACE,1,4.95,15532.0,United Kingdom,2026-01-03
517254,90123D,WHITE HEART OF GLASS BRACELET,1,5.95,15532.0,United Kingdom,2026-01-03
517254,22624,IVORY KITCHEN SCALES,1,8.5,15532.0,United Kingdom,2026-01-03
517254,20781,GOLD EAR MUFF HEADPHONES,1,5.49,15532.0,United Kingdom,2026-01-03
517254,72807B,SET/3 OCEAN SCENT CANDLE JEWEL BOX,1,4.25,15532.0,United Kingdom,2026-01-03
517254,82482,WOODEN PICTURE FRAME WHITE FINISH,1,2.55,15532.0,United Kingdom,2026-01-03
517254,82494L,WOODEN FRAME ANTIQUE WHITE ,2,2.95,15532.0,United Kingdom,2026-01-03
517254,82482,WOODEN PICTURE FRAME WHITE FINISH,1,2.55,15532.0,United Kingdom,2026-01-03
517254,84912A,PINK ROSE WASHBAG,1,3.75,15532.0,United Kingdom,2026-01-03
517254,85061W,WHITE JEWELLED HEART DECORATION,2,0.85,15532.0,United Kingdom,2026-01-03
517254,21992,VINTAGE PAISLEY STATIONERY SET,1,2.95,15532.0,United Kingdom,2026-01-03
517254,90123B,TURQUOISE HEART OF GLASS BRACELET,1,5.95,15532.0,United Kingdom,2026-01-03
517255,44230,,-162,0.0,,United Kingdom,2026-01-03
C517258,22691,DOORMAT WELCOME SUNRISE,-140,4.58,18102.0,United Kingdom,2026-01-03
C517258,22692,DOORMAT WELCOME TO OUR HOME,-140,4.58,18102.0,United Kingdom,2026-01-03
517259,84970S,HANGING HEART ZINC T-LIGHT HOLDER,60,0.85,13435.0,United Kingdom,2026-01-03
517259,21326,AGED GLASS SILVER T-LIGHT HOLDER,60,0.65,13435.0,United Kingdom,2026-01-03
517259,22480,RED TEA TOWEL CLASSIC DESIGN,12,1.25,13435.0,United Kingdom,2026-01-03
517259,22482,BLUE TEA TOWEL CLASSIC DESIGN,12,1.25,13435.0,United Kingdom,2026-01-03
517259,21535,RED RETROSPOT SMALL MILK JUG,6,2.55,13435.0,United Kingdom,2026-01-03
517259,20668,DISCO BALL CHRISTMAS DECORATION,60,0.12,13435.0,United Kingdom,2026-01-03
517259,16015,MEDIUM CHINESE STYLE SCISSOR,20,0.5,13435.0,United Kingdom,2026-01-03
517259,21158,MOODY GIRL DOOR HANGER ,1,1.45,13435.0,United Kingdom,2026-01-03
517259,22075,6 RIBBONS ELEGANT CHRISTMAS ,4,1.65,13435.0,United Kingdom,2026-01-03
517259,84744,S/6 SEW ON CROCHET FLOWERS,6,1.25,13435.0,United Kingdom,2026-01-03
517259,21850,BLUE  DIAMANTE PEN IN GIFT BOX,1,4.95,13435.0,United Kingdom,2026-01-03
517259,22075,6 RIBBONS ELEGANT CHRISTMAS ,1,1.65,13435.0,United Kingdom,2026-01-03
517259,85064,CREAM SWEETHEART LETTER RACK,6,5.45,13435.0,United Kingdom,2026-01-03
517259,85065,CREAM SWEETHEART TRAYS,10,9.95,13435.0,United Kingdom,2026-01-03
517259,16016,LARGE CHINESE STYLE SCISSOR,20,0.85,13435.0,United Kingdom,2026-01-03
517260,90190B,GOLD/AMBER DROP EARRINGS W LEAF,1,2.95,,United Kingdom,2026-01-03
517260,90190A,SILVER/CRYSTAL DROP EARRINGS W LEAF,1,2.95,,United Kingdom,2026-01-03
C517261,22502,PICNIC BASKET WICKER SMALL,-1,4.25,13178.0,United Kingdom,2026-01-03
C517261,22630,DOLLY GIRL LUNCH BOX,-2,1.95,13178.0,United Kingdom,2026-01-03
C517261,22138,BAKING SET 9 PIECE RETROSPOT ,-2,4.95,13178.0,United Kingdom,2026-01-03
C517262,D,Discount,-1,6.0,16422.0,United Kingdom,2026-01-03
C517263,D,Discount,-1,142.0,16029.0,United Kingdom,2026-01-03
